fotmob_match_id,season,round,round_name,home_team,home_team_id,away_team,away_team_id,finished,match_date,home_score,away_score,home_possession,away_possession,home_shots_total,away_shots_total,home_shots_on_target,away_shots_on_target,home_shots_off_target,away_shots_off_target,home_big_chances,away_big_chances,home_big_chances_missed,away_big_chances_missed,home_passes,away_passes,home_passes_accurate,away_passes_accurate,home_pass_accuracy_pct,away_pass_accuracy_pct,home_touches_opp_box,away_touches_opp_box,home_corners,away_corners,home_tackles,away_tackles,home_interceptions,away_interceptions,home_clearances,away_clearances,home_keeper_saves,away_keeper_saves,home_duels_won,away_duels_won,home_aerials_won,away_aerials_won,home_fouls,away_fouls,home_yellow_cards,away_yellow_cards,home_red_cards,away_red_cards,has_stats
2281343,2016-2017,1,1,MSV Duisburg,8293,Paderborn,8460,True,2016-07-29T18:30:00Z,1,0,49.0,51.0,15.0,6.0,5.0,1.0,5.0,4.0,0.0,0.0,0.0,0.0,422.0,450.0,323.0,344.0,77.0,76.0,24.0,11.0,6.0,0.0,18.0,19.0,10.0,11.0,11.0,22.0,1.0,5.0,52.0,48.0,16.0,15.0,7.0,14.0,3.0,4.0,0.0,0.0,True
2281336,2016-2017,1,1,Chemnitzer FC,6596,Sonnenhof Großaspach,94941,True,2016-07-30T12:00:00Z,0,0,,,,,,,,,,,,,,,,,,,,,,,,,,,,,,,,,,,,,,,,,False
2281342,2016-2017,1,1,Mainz 05 II,8397,FSV Zwickau,95202,True,2016-07-30T12:00:00Z,2,2,,,,,,,,,,,,,,,,,,,,,,,,,,,,,,,,,,,,,,,,,False
2281337,2016-2017,1,1,RW Erfurt,8148,Hallescher FC,7761,True,2016-07-30T12:00:00Z,0,3,,,,,,,,,,,,,,,,,,,,,,,,,,,,,,,,,,,,,,,,,False
2281339,2016-2017,1,1,Wehen Wiesbaden,8196,Aalen,8233,True,2016-07-30T12:00:00Z,1,2,50.0,50.0,16.0,9.0,1.0,6.0,8.0,3.0,0.0,3.0,0.0,1.0,368.0,373.0,252.0,257.0,68.0,69.0,20.0,10.0,8.0,2.0,10.0,22.0,7.0,9.0,25.0,29.0,4.0,1.0,47.0,62.0,19.0,18.0,21.0,12.0,1.0,2.0,0.0,0.0,True
2281338,2016-2017,1,1,Holstein Kiel,8150,FSV Frankfurt,88885,True,2016-07-30T12:05:00Z,1,1,41.0,59.0,12.0,17.0,5.0,4.0,5.0,7.0,2.0,3.0,1.0,2.0,337.0,477.0,255.0,381.0,76.0,80.0,21.0,28.0,4.0,7.0,12.0,11.0,5.0,9.0,25.0,26.0,2.0,3.0,46.0,54.0,9.0,19.0,18.0,18.0,5.0,4.0,0.0,0.0,True
2281344,2016-2017,1,1,Jahn Regensburg,7789,Hansa Rostock,8294,True,2016-07-30T12:05:00Z,2,0,,,,,,,,,,,,,,,,,,,,,,,,,,,,,,,,,,,,,,,,,False
2281341,2016-2017,1,1,Magdeburg,8188,Fortuna Köln,7786,True,2016-07-31T12:00:00Z,0,3,,,,,,,,,,,,,,,,,,,,,,,,,,,,,,,,,,,,,,,,,False
2281335,2016-2017,1,1,Preussen Münster,8171,VfL Osnabrück,9775,True,2016-07-31T12:00:00Z,0,1,,,,,,,,,,,,,,,,,,,,,,,,,,,,,,,,,,,,,,,,,False
2281340,2016-2017,1,1,Werder Bremen II,8162,Sportfreunde Lotte,95103,True,2016-07-31T12:05:00Z,0,3,,,,,,,,,,,,,,,,,,,,,,,,,,,,,,,,,,,,,,,,,False
2281347,2016-2017,2,2,Fortuna Köln,7786,Werder Bremen II,8162,True,2016-08-05T17:00:00Z,2,0,,,,,,,,,,,,,,,,,,,,,,,,,,,,,,,,,,,,,,,,,False
2281353,2016-2017,2,2,Hansa Rostock,8294,Preussen Münster,8171,True,2016-08-05T17:05:00Z,1,0,,,,,,,,,,,,,,,,,,,,,,,,,,,,,,,,,,,,,,,,,False
2281349,2016-2017,2,2,Aalen,8233,Holstein Kiel,8150,True,2016-08-06T12:00:00Z,1,0,41.0,59.0,12.0,17.0,5.0,4.0,5.0,7.0,2.0,3.0,1.0,2.0,337.0,477.0,255.0,381.0,76.0,80.0,21.0,28.0,4.0,7.0,12.0,11.0,5.0,9.0,25.0,26.0,2.0,3.0,46.0,54.0,9.0,19.0,18.0,18.0,5.0,4.0,0.0,0.0,True
2281350,2016-2017,2,2,FSV Frankfurt,88885,RW Erfurt,8148,True,2016-08-06T12:00:00Z,0,1,,,,,,,,,,,,,,,,,,,,,,,,,,,,,,,,,,,,,,,,,False
2281345,2016-2017,2,2,Paderborn,8460,Mainz 05 II,8397,True,2016-08-06T12:00:00Z,3,1,,,,,,,,,,,,,,,,,,,,,,,,,,,,,,,,,,,,,,,,,False
2281348,2016-2017,2,2,Sportfreunde Lotte,95103,Wehen Wiesbaden,8196,True,2016-08-06T12:00:00Z,0,0,50.0,50.0,16.0,9.0,1.0,6.0,8.0,3.0,0.0,3.0,0.0,1.0,368.0,373.0,252.0,257.0,68.0,69.0,20.0,10.0,8.0,2.0,10.0,22.0,7.0,9.0,25.0,29.0,4.0,1.0,47.0,62.0,19.0,18.0,21.0,12.0,1.0,2.0,0.0,0.0,True
2281351,2016-2017,2,2,Hallescher FC,7761,Chemnitzer FC,6596,True,2016-08-06T12:05:00Z,1,1,,,,,,,,,,,,,,,,,,,,,,,,,,,,,,,,,,,,,,,,,False
2281354,2016-2017,2,2,VfL Osnabrück,9775,MSV Duisburg,8293,True,2016-08-07T12:00:00Z,1,1,49.0,51.0,15.0,6.0,5.0,1.0,5.0,4.0,0.0,0.0,0.0,0.0,422.0,450.0,323.0,344.0,77.0,76.0,24.0,11.0,6.0,0.0,18.0,19.0,10.0,11.0,11.0,22.0,1.0,5.0,52.0,48.0,16.0,15.0,7.0,14.0,3.0,4.0,0.0,0.0,True
2281352,2016-2017,2,2,Sonnenhof Großaspach,94941,Jahn Regensburg,7789,True,2016-08-07T12:00:00Z,3,4,53.0,47.0,17.0,21.0,9.0,6.0,5.0,8.0,2.0,2.0,0.0,0.0,352.0,314.0,276.0,222.0,78.0,71.0,28.0,38.0,11.0,7.0,12.0,21.0,10.0,7.0,27.0,28.0,3.0,5.0,46.0,56.0,18.0,15.0,14.0,16.0,5.0,5.0,0.0,0.0,True
2281357,2016-2017,3,3,RW Erfurt,8148,Aalen,8233,True,2016-08-09T16:30:00Z,0,0,,,,,,,,,,,,,,,,,,,,,,,,,,,,,,,,,,,,,,,,,False
2281358,2016-2017,3,3,Holstein Kiel,8150,Sportfreunde Lotte,95103,True,2016-08-09T17:00:00Z,3,1,41.0,59.0,12.0,17.0,5.0,4.0,5.0,7.0,2.0,3.0,1.0,2.0,337.0,477.0,255.0,381.0,76.0,80.0,21.0,28.0,4.0,7.0,12.0,11.0,5.0,9.0,25.0,26.0,2.0,3.0,46.0,54.0,9.0,19.0,18.0,18.0,5.0,4.0,0.0,0.0,True
2281361,2016-2017,3,3,Magdeburg,8188,Paderborn,8460,True,2016-08-09T17:00:00Z,3,0,,,,,,,,,,,,,,,,,,,,,,,,,,,,,,,,,,,,,,,,,False
2281359,2016-2017,3,3,Wehen Wiesbaden,8196,Fortuna Köln,7786,True,2016-08-09T17:00:00Z,3,0,,,,,,,,,,,,,,,,,,,,,,,,,,,,,,,,,,,,,,,,,False
2281360,2016-2017,3,3,Werder Bremen II,8162,FSV Zwickau,95202,True,2016-08-10T16:35:00Z,1,3,,,,,,,,,,,,,,,,,,,,,,,,,,,,,,,,,,,,,,,,,False
2281356,2016-2017,3,3,Chemnitzer FC,6596,FSV Frankfurt,88885,True,2016-08-10T17:00:00Z,2,1,,,,,,,,,,,,,,,,,,,,,,,,,,,,,,,,,,,,,,,,,False
2281363,2016-2017,3,3,Hansa Rostock,8294,Sonnenhof Großaspach,94941,True,2016-08-10T17:00:00Z,0,0,40.0,60.0,20.0,12.0,9.0,4.0,5.0,3.0,1.0,3.0,1.0,1.0,322.0,505.0,257.0,441.0,80.0,87.0,29.0,18.0,8.0,5.0,13.0,7.0,8.0,3.0,19.0,23.0,2.0,5.0,41.0,42.0,16.0,7.0,19.0,10.0,2.0,1.0,0.0,0.0,True
2281362,2016-2017,3,3,Mainz 05 II,8397,VfL Osnabrück,9775,True,2016-08-10T17:00:00Z,2,2,,,,,,,,,,,,,,,,,,,,,,,,,,,,,,,,,,,,,,,,,False
2281355,2016-2017,3,3,Preussen Münster,8171,MSV Duisburg,8293,True,2016-08-10T17:00:00Z,1,1,63.0,37.0,15.0,8.0,6.0,3.0,3.0,3.0,1.0,3.0,0.0,2.0,526.0,311.0,456.0,234.0,87.0,75.0,32.0,13.0,11.0,4.0,8.0,17.0,9.0,6.0,11.0,28.0,2.0,3.0,36.0,53.0,11.0,16.0,16.0,13.0,5.0,5.0,0.0,1.0,True
2281364,2016-2017,3,3,Jahn Regensburg,7789,Hallescher FC,7761,True,2016-08-10T17:05:00Z,2,0,39.0,61.0,12.0,14.0,4.0,0.0,4.0,8.0,2.0,0.0,1.0,0.0,303.0,477.0,214.0,385.0,71.0,81.0,23.0,21.0,3.0,9.0,10.0,16.0,0.0,8.0,31.0,14.0,0.0,2.0,51.0,44.0,22.0,14.0,13.0,8.0,2.0,2.0,0.0,0.0,True
2281368,2016-2017,4,4,Sportfreunde Lotte,95103,RW Erfurt,8148,True,2016-08-12T17:00:00Z,2,2,,,,,,,,,,,,,,,,,,,,,,,,,,,,,,,,,,,,,,,,,False
2281370,2016-2017,4,4,FSV Frankfurt,88885,Jahn Regensburg,7789,True,2016-08-13T12:00:00Z,1,1,53.0,47.0,17.0,21.0,9.0,6.0,5.0,8.0,2.0,2.0,0.0,0.0,352.0,314.0,276.0,222.0,78.0,71.0,28.0,38.0,11.0,7.0,12.0,21.0,10.0,7.0,27.0,28.0,3.0,5.0,46.0,56.0,18.0,15.0,14.0,16.0,5.0,5.0,0.0,0.0,True
2281373,2016-2017,4,4,MSV Duisburg,8293,Mainz 05 II,8397,True,2016-08-13T12:00:00Z,4,0,49.0,51.0,15.0,6.0,5.0,1.0,5.0,4.0,0.0,0.0,0.0,0.0,422.0,450.0,323.0,344.0,77.0,76.0,24.0,11.0,6.0,0.0,18.0,19.0,10.0,11.0,11.0,22.0,1.0,5.0,52.0,48.0,16.0,15.0,7.0,14.0,3.0,4.0,0.0,0.0,True
2281365,2016-2017,4,4,Paderborn,8460,Werder Bremen II,8162,True,2016-08-13T12:00:00Z,1,2,,,,,,,,,,,,,,,,,,,,,,,,,,,,,,,,,,,,,,,,,False
2281372,2016-2017,4,4,Sonnenhof Großaspach,94941,Preussen Münster,8171,True,2016-08-13T12:00:00Z,2,0,,,,,,,,,,,,,,,,,,,,,,,,,,,,,,,,,,,,,,,,,False
2281367,2016-2017,4,4,Fortuna Köln,7786,Holstein Kiel,8150,True,2016-08-13T12:05:00Z,1,0,,,,,,,,,,,,,,,,,,,,,,,,,,,,,,,,,,,,,,,,,False
2281366,2016-2017,4,4,FSV Zwickau,95202,Wehen Wiesbaden,8196,True,2016-08-13T12:05:00Z,0,3,66.0,34.0,19.0,10.0,11.0,5.0,6.0,2.0,4.0,3.0,3.0,1.0,585.0,300.0,494.0,218.0,84.0,73.0,40.0,17.0,7.0,5.0,17.0,18.0,6.0,8.0,17.0,24.0,1.0,7.0,58.0,49.0,23.0,16.0,9.0,15.0,1.0,1.0,0.0,0.0,True
2281371,2016-2017,4,4,Hallescher FC,7761,Hansa Rostock,8294,True,2016-08-13T12:05:00Z,0,0,46.0,54.0,14.0,9.0,3.0,2.0,6.0,4.0,0.0,0.0,0.0,0.0,355.0,419.0,248.0,303.0,70.0,72.0,23.0,15.0,13.0,4.0,16.0,16.0,16.0,7.0,20.0,30.0,2.0,2.0,59.0,68.0,31.0,34.0,14.0,9.0,1.0,1.0,0.0,0.0,True
2281374,2016-2017,4,4,VfL Osnabrück,9775,Magdeburg,8188,True,2016-08-13T12:15:00Z,3,2,61.0,39.0,12.0,10.0,5.0,4.0,3.0,4.0,4.0,2.0,3.0,1.0,452.0,290.0,381.0,232.0,84.0,80.0,31.0,18.0,10.0,5.0,27.0,13.0,3.0,11.0,17.0,21.0,3.0,4.0,61.0,54.0,8.0,18.0,14.0,14.0,2.0,4.0,0.0,0.0,True
2281369,2016-2017,4,4,Aalen,8233,Chemnitzer FC,6596,True,2016-08-14T12:05:00Z,2,2,,,,,,,,,,,,,,,,,,,,,,,,,,,,,,,,,,,,,,,,,False
2281381,2016-2017,5,5,Magdeburg,8188,MSV Duisburg,8293,True,2016-08-26T16:30:00Z,1,2,23.0,77.0,8.0,17.0,1.0,9.0,2.0,7.0,0.0,4.0,0.0,1.0,249.0,870.0,172.0,798.0,69.0,92.0,12.0,38.0,4.0,3.0,12.0,14.0,5.0,13.0,14.0,7.0,4.0,1.0,32.0,40.0,8.0,7.0,11.0,7.0,1.0,1.0,1.0,0.0,True
2281380,2016-2017,5,5,Werder Bremen II,8162,VfL Osnabrück,9775,True,2016-08-26T17:00:00Z,4,2,,,,,,,,,,,,,,,,,,,,,,,,,,,,,,,,,,,,,,,,,False
2281376,2016-2017,5,5,Chemnitzer FC,6596,Sportfreunde Lotte,95103,True,2016-08-27T12:00:00Z,0,1,,,,,,,,,,,,,,,,,,,,,,,,,,,,,,,,,,,,,,,,,False
2281383,2016-2017,5,5,Hansa Rostock,8294,FSV Frankfurt,88885,True,2016-08-27T12:00:00Z,1,1,35.0,65.0,13.0,33.0,5.0,6.0,4.0,21.0,1.0,2.0,1.0,2.0,322.0,552.0,190.0,434.0,59.0,79.0,17.0,43.0,3.0,20.0,28.0,20.0,16.0,11.0,58.0,13.0,5.0,4.0,88.0,81.0,24.0,34.0,21.0,21.0,5.0,3.0,0.0,0.0,True
2281378,2016-2017,5,5,Holstein Kiel,8150,FSV Zwickau,95202,True,2016-08-27T12:00:00Z,3,0,41.0,59.0,12.0,17.0,5.0,4.0,5.0,7.0,2.0,3.0,1.0,2.0,337.0,477.0,255.0,381.0,76.0,80.0,21.0,28.0,4.0,7.0,12.0,11.0,5.0,9.0,25.0,26.0,2.0,3.0,46.0,54.0,9.0,19.0,18.0,18.0,5.0,4.0,0.0,0.0,True
2281384,2016-2017,5,5,Jahn Regensburg,7789,Aalen,8233,True,2016-08-27T12:00:00Z,0,2,53.0,47.0,17.0,21.0,9.0,6.0,5.0,8.0,2.0,2.0,0.0,0.0,352.0,314.0,276.0,222.0,78.0,71.0,28.0,38.0,11.0,7.0,12.0,21.0,10.0,7.0,27.0,28.0,3.0,5.0,46.0,56.0,18.0,15.0,14.0,16.0,5.0,5.0,0.0,0.0,True
2281375,2016-2017,5,5,Preussen Münster,8171,Mainz 05 II,8397,True,2016-08-27T12:00:00Z,1,0,,,,,,,,,,,,,,,,,,,,,,,,,,,,,,,,,,,,,,,,,False
2281377,2016-2017,5,5,RW Erfurt,8148,Fortuna Köln,7786,True,2016-08-27T12:00:00Z,3,0,,,,,,,,,,,,,,,,,,,,,,,,,,,,,,,,,,,,,,,,,False
2281382,2016-2017,5,5,Sonnenhof Großaspach,94941,Hallescher FC,7761,True,2016-08-27T12:00:00Z,3,0,,,,,,,,,,,,,,,,,,,,,,,,,,,,,,,,,,,,,,,,,False
2281379,2016-2017,5,5,Wehen Wiesbaden,8196,Paderborn,8460,True,2016-08-27T12:00:00Z,1,2,47.0,53.0,6.0,16.0,2.0,4.0,3.0,7.0,1.0,3.0,0.0,1.0,466.0,544.0,355.0,440.0,76.0,81.0,23.0,25.0,2.0,7.0,23.0,8.0,10.0,11.0,27.0,16.0,2.0,1.0,51.0,41.0,13.0,16.0,11.0,7.0,2.0,2.0,0.0,0.0,True
2281346,2016-2017,2,2,FSV Zwickau,95202,Magdeburg,8188,True,2016-09-01T17:00:00Z,0,0,67.0,33.0,22.0,15.0,8.0,4.0,11.0,7.0,2.0,3.0,1.0,3.0,571.0,270.0,489.0,189.0,86.0,70.0,41.0,20.0,6.0,3.0,18.0,9.0,14.0,8.0,9.0,19.0,4.0,5.0,49.0,30.0,11.0,14.0,6.0,13.0,0.0,2.0,0.0,0.0,True
2281389,2016-2017,6,6,Aalen,8233,Hansa Rostock,8294,True,2016-09-09T16:00:00Z,1,1,30.0,70.0,4.0,20.0,0.0,7.0,1.0,4.0,0.0,4.0,0.0,2.0,263.0,632.0,159.0,522.0,60.0,83.0,6.0,32.0,1.0,6.0,11.0,15.0,14.0,11.0,16.0,18.0,5.0,0.0,40.0,47.0,14.0,12.0,16.0,15.0,3.0,1.0,0.0,0.0,True
2281391,2016-2017,6,6,Hallescher FC,7761,Preussen Münster,8171,True,2016-09-09T16:30:00Z,2,1,58.0,42.0,7.0,7.0,1.0,1.0,4.0,3.0,0.0,1.0,0.0,1.0,406.0,288.0,298.0,179.0,73.0,62.0,25.0,17.0,8.0,7.0,12.0,13.0,7.0,4.0,16.0,34.0,1.0,0.0,48.0,48.0,18.0,17.0,17.0,14.0,5.0,2.0,0.0,0.0,True
2281394,2016-2017,6,6,VfL Osnabrück,9775,Wehen Wiesbaden,8196,True,2016-09-09T17:00:00Z,1,0,,,,,,,,,,,,,,,,,,,,,,,,,,,,,,,,,,,,,,,,,False
2281387,2016-2017,6,6,Fortuna Köln,7786,Chemnitzer FC,6596,True,2016-09-10T12:00:00Z,1,0,,,,,,,,,,,,,,,,,,,,,,,,,,,,,,,,,,,,,,,,,False
2281390,2016-2017,6,6,FSV Frankfurt,88885,Sonnenhof Großaspach,94941,True,2016-09-10T12:00:00Z,1,3,,,,,,,,,,,,,,,,,,,,,,,,,,,,,,,,,,,,,,,,,False
2281392,2016-2017,6,6,Mainz 05 II,8397,Magdeburg,8188,True,2016-09-10T12:00:00Z,1,0,36.0,64.0,24.0,16.0,9.0,6.0,8.0,7.0,5.0,3.0,4.0,3.0,277.0,503.0,200.0,435.0,72.0,86.0,34.0,30.0,8.0,7.0,13.0,19.0,8.0,9.0,22.0,32.0,6.0,5.0,36.0,47.0,16.0,12.0,10.0,5.0,2.0,4.0,0.0,0.0,True
2281393,2016-2017,6,6,MSV Duisburg,8293,Werder Bremen II,8162,True,2016-09-10T12:00:00Z,1,0,,,,,,,,,,,,,,,,,,,,,,,,,,,,,,,,,,,,,,,,,False
2281388,2016-2017,6,6,Sportfreunde Lotte,95103,Jahn Regensburg,7789,True,2016-09-10T12:05:00Z,3,2,53.0,47.0,17.0,21.0,9.0,6.0,5.0,8.0,2.0,2.0,0.0,0.0,352.0,314.0,276.0,222.0,78.0,71.0,28.0,38.0,11.0,7.0,12.0,21.0,10.0,7.0,27.0,28.0,3.0,5.0,46.0,56.0,18.0,15.0,14.0,16.0,5.0,5.0,0.0,0.0,True
2281385,2016-2017,6,6,Paderborn,8460,Holstein Kiel,8150,True,2016-09-11T12:00:00Z,1,3,,,,,,,,,,,,,,,,,,,,,,,,,,,,,,,,,,,,,,,,,False
2281386,2016-2017,6,6,FSV Zwickau,95202,RW Erfurt,8148,True,2016-09-11T12:05:00Z,1,2,,,,,,,,,,,,,,,,,,,,,,,,,,,,,,,,,,,,,,,,,False
2281396,2016-2017,7,7,Chemnitzer FC,6596,FSV Zwickau,95202,True,2016-09-16T17:00:00Z,1,0,,,,,,,,,,,,,,,,,,,,,,,,,,,,,,,,,,,,,,,,,False
2281398,2016-2017,7,7,Holstein Kiel,8150,VfL Osnabrück,9775,True,2016-09-16T17:00:00Z,0,1,58.0,42.0,14.0,8.0,8.0,2.0,4.0,2.0,4.0,0.0,2.0,0.0,478.0,319.0,391.0,240.0,82.0,75.0,23.0,22.0,4.0,5.0,19.0,10.0,9.0,4.0,34.0,22.0,2.0,4.0,52.0,51.0,14.0,24.0,15.0,13.0,2.0,4.0,0.0,0.0,True
2281399,2016-2017,7,7,Wehen Wiesbaden,8196,MSV Duisburg,8293,True,2016-09-16T17:00:00Z,3,0,37.0,63.0,10.0,14.0,6.0,3.0,1.0,6.0,1.0,1.0,0.0,1.0,335.0,569.0,239.0,481.0,71.0,85.0,12.0,21.0,3.0,5.0,13.0,9.0,14.0,3.0,29.0,21.0,2.0,3.0,38.0,54.0,8.0,25.0,12.0,12.0,2.0,5.0,0.0,0.0,True
2281401,2016-2017,7,7,Hallescher FC,7761,FSV Frankfurt,88885,True,2016-09-17T12:00:00Z,1,1,,,,,,,,,,,,,,,,,,,,,,,,,,,,,,,,,,,,,,,,,False
2281403,2016-2017,7,7,Hansa Rostock,8294,Sportfreunde Lotte,95103,True,2016-09-17T12:00:00Z,1,3,40.0,60.0,20.0,12.0,9.0,4.0,5.0,3.0,1.0,3.0,1.0,1.0,322.0,505.0,257.0,441.0,80.0,87.0,29.0,18.0,8.0,5.0,13.0,7.0,8.0,3.0,19.0,23.0,2.0,5.0,41.0,42.0,16.0,7.0,19.0,10.0,2.0,1.0,0.0,0.0,True
2281404,2016-2017,7,7,Jahn Regensburg,7789,Fortuna Köln,7786,True,2016-09-17T12:00:00Z,2,2,,,,,,,,,,,,,,,,,,,,,,,,,,,,,,,,,,,,,,,,,False
2281395,2016-2017,7,7,Preussen Münster,8171,Magdeburg,8188,True,2016-09-17T12:00:00Z,2,3,35.0,65.0,12.0,10.0,5.0,4.0,3.0,4.0,1.0,2.0,0.0,2.0,328.0,618.0,245.0,532.0,75.0,86.0,18.0,19.0,2.0,5.0,14.0,18.0,7.0,9.0,40.0,23.0,4.0,3.0,57.0,54.0,23.0,11.0,15.0,15.0,1.0,4.0,0.0,0.0,True
2281402,2016-2017,7,7,Sonnenhof Großaspach,94941,Aalen,8233,True,2016-09-17T12:00:00Z,2,2,30.0,70.0,4.0,20.0,0.0,7.0,1.0,4.0,0.0,4.0,0.0,2.0,263.0,632.0,159.0,522.0,60.0,83.0,6.0,32.0,1.0,6.0,11.0,15.0,14.0,11.0,16.0,18.0,5.0,0.0,40.0,47.0,14.0,12.0,16.0,15.0,3.0,1.0,0.0,0.0,True
2281400,2016-2017,7,7,Werder Bremen II,8162,Mainz 05 II,8397,True,2016-09-17T12:00:00Z,2,1,,,,,,,,,,,,,,,,,,,,,,,,,,,,,,,,,,,,,,,,,False
2281397,2016-2017,7,7,RW Erfurt,8148,Paderborn,8460,True,2016-09-17T12:05:00Z,1,3,,,,,,,,,,,,,,,,,,,,,,,,,,,,,,,,,,,,,,,,,False
2281409,2016-2017,8,8,Aalen,8233,Hallescher FC,7761,True,2016-09-20T16:30:00Z,1,1,,,,,,,,,,,,,,,,,,,,,,,,,,,,,,,,,,,,,,,,,False
2281406,2016-2017,8,8,FSV Zwickau,95202,Jahn Regensburg,7789,True,2016-09-20T16:30:00Z,4,0,53.0,47.0,17.0,21.0,9.0,6.0,5.0,8.0,2.0,2.0,0.0,0.0,352.0,314.0,276.0,222.0,78.0,71.0,28.0,38.0,11.0,7.0,12.0,21.0,10.0,7.0,27.0,28.0,3.0,5.0,46.0,56.0,18.0,15.0,14.0,16.0,5.0,5.0,0.0,0.0,True
2281414,2016-2017,8,8,VfL Osnabrück,9775,RW Erfurt,8148,True,2016-09-20T16:30:00Z,3,0,,,,,,,,,,,,,,,,,,,,,,,,,,,,,,,,,,,,,,,,,False
2281413,2016-2017,8,8,MSV Duisburg,8293,Holstein Kiel,8150,True,2016-09-20T17:00:00Z,0,0,41.0,59.0,12.0,17.0,5.0,4.0,5.0,7.0,2.0,3.0,1.0,2.0,337.0,477.0,255.0,381.0,76.0,80.0,21.0,28.0,4.0,7.0,12.0,11.0,5.0,9.0,25.0,26.0,2.0,3.0,46.0,54.0,9.0,19.0,18.0,18.0,5.0,4.0,0.0,0.0,True
2281411,2016-2017,8,8,Magdeburg,8188,Werder Bremen II,8162,True,2016-09-21T16:30:00Z,2,0,,,,,,,,,,,,,,,,,,,,,,,,,,,,,,,,,,,,,,,,,False
2281405,2016-2017,8,8,Paderborn,8460,Chemnitzer FC,6596,True,2016-09-21T16:30:00Z,4,2,,,,,,,,,,,,,,,,,,,,,,,,,,,,,,,,,,,,,,,,,False
2281407,2016-2017,8,8,Fortuna Köln,7786,Hansa Rostock,8294,True,2016-09-21T17:00:00Z,0,2,,,,,,,,,,,,,,,,,,,,,,,,,,,,,,,,,,,,,,,,,False
2281410,2016-2017,8,8,FSV Frankfurt,88885,Preussen Münster,8171,True,2016-09-21T17:00:00Z,4,1,,,,,,,,,,,,,,,,,,,,,,,,,,,,,,,,,,,,,,,,,False
2281412,2016-2017,8,8,Mainz 05 II,8397,Wehen Wiesbaden,8196,True,2016-09-21T17:00:00Z,1,2,50.0,50.0,16.0,9.0,1.0,6.0,8.0,3.0,0.0,3.0,0.0,1.0,368.0,373.0,252.0,257.0,68.0,69.0,20.0,10.0,8.0,2.0,10.0,22.0,7.0,9.0,25.0,29.0,4.0,1.0,47.0,62.0,19.0,18.0,21.0,12.0,1.0,2.0,0.0,0.0,True
2281408,2016-2017,8,8,Sportfreunde Lotte,95103,Sonnenhof Großaspach,94941,True,2016-09-21T17:00:00Z,2,1,,,,,,,,,,,,,,,,,,,,,,,,,,,,,,,,,,,,,,,,,False
2281416,2016-2017,9,9,Chemnitzer FC,6596,VfL Osnabrück,9775,True,2016-09-24T12:00:00Z,3,0,,,,,,,,,,,,,,,,,,,,,,,,,,,,,,,,,,,,,,,,,False
2281420,2016-2017,9,9,FSV Frankfurt,88885,Aalen,8233,True,2016-09-24T12:00:00Z,2,1,,,,,,,,,,,,,,,,,,,,,,,,,,,,,,,,,,,,,,,,,False
2281418,2016-2017,9,9,Holstein Kiel,8150,Mainz 05 II,8397,True,2016-09-24T12:00:00Z,3,0,41.0,59.0,12.0,17.0,5.0,4.0,5.0,7.0,2.0,3.0,1.0,2.0,337.0,477.0,255.0,381.0,76.0,80.0,21.0,28.0,4.0,7.0,12.0,11.0,5.0,9.0,25.0,26.0,2.0,3.0,46.0,54.0,9.0,19.0,18.0,18.0,5.0,4.0,0.0,0.0,True
2281415,2016-2017,9,9,Preussen Münster,8171,Werder Bremen II,8162,True,2016-09-24T12:00:00Z,4,0,,,,,,,,,,,,,,,,,,,,,,,,,,,,,,,,,,,,,,,,,False
2281422,2016-2017,9,9,Sonnenhof Großaspach,94941,Fortuna Köln,7786,True,2016-09-24T12:00:00Z,2,3,,,,,,,,,,,,,,,,,,,,,,,,,,,,,,,,,,,,,,,,,False
2281421,2016-2017,9,9,Hallescher FC,7761,Sportfreunde Lotte,95103,True,2016-09-24T12:05:00Z,2,0,,,,,,,,,,,,,,,,,,,,,,,,,,,,,,,,,,,,,,,,,False
2281424,2016-2017,9,9,Jahn Regensburg,7789,Paderborn,8460,True,2016-09-24T12:05:00Z,3,0,39.0,61.0,5.0,14.0,0.0,3.0,3.0,6.0,2.0,3.0,2.0,3.0,252.0,381.0,166.0,290.0,66.0,76.0,11.0,28.0,3.0,10.0,14.0,14.0,6.0,4.0,47.0,26.0,3.0,0.0,52.0,66.0,24.0,26.0,19.0,17.0,3.0,2.0,0.0,0.0,True
2281423,2016-2017,9,9,Hansa Rostock,8294,FSV Zwickau,95202,True,2016-09-25T12:00:00Z,5,0,59.0,41.0,22.0,10.0,4.0,1.0,7.0,2.0,0.0,0.0,0.0,0.0,445.0,314.0,312.0,184.0,70.0,59.0,,,10.0,7.0,12.0,12.0,10.0,17.0,21.0,16.0,1.0,3.0,61.0,51.0,32.0,26.0,12.0,14.0,2.0,3.0,0.0,1.0,True
2281417,2016-2017,9,9,RW Erfurt,8148,MSV Duisburg,8293,True,2016-09-25T12:00:00Z,0,1,,,,,,,,,,,,,,,,,,,,,,,,,,,,,,,,,,,,,,,,,False
2281419,2016-2017,9,9,Wehen Wiesbaden,8196,Magdeburg,8188,True,2016-09-25T12:00:00Z,0,3,64.0,36.0,12.0,9.0,4.0,2.0,4.0,2.0,2.0,2.0,1.0,2.0,600.0,332.0,509.0,233.0,85.0,70.0,23.0,17.0,9.0,1.0,13.0,25.0,5.0,14.0,16.0,23.0,2.0,2.0,44.0,67.0,6.0,26.0,12.0,15.0,3.0,3.0,0.0,1.0,True
2281425,2016-2017,10,10,Paderborn,8460,Hansa Rostock,8294,True,2016-09-30T17:00:00Z,0,3,34.0,66.0,15.0,12.0,5.0,7.0,8.0,3.0,1.0,4.0,1.0,4.0,286.0,553.0,183.0,448.0,64.0,81.0,25.0,15.0,1.0,6.0,23.0,9.0,11.0,9.0,24.0,20.0,5.0,4.0,47.0,48.0,14.0,19.0,14.0,9.0,1.0,1.0,0.0,0.0,True
2281426,2016-2017,10,10,FSV Zwickau,95202,Sonnenhof Großaspach,94941,True,2016-09-30T18:30:00Z,0,2,,,,,,,,,,,,,,,,,,,,,,,,,,,,,,,,,,,,,,,,,False
2281429,2016-2017,10,10,Aalen,8233,Preussen Münster,8171,True,2016-10-01T12:00:00Z,1,0,,,,,,,,,,,,,,,,,,,,,,,,,,,,,,,,,,,,,,,,,False
2281427,2016-2017,10,10,Fortuna Köln,7786,Hallescher FC,7761,True,2016-10-01T12:00:00Z,1,1,,,,,,,,,,,,,,,,,,,,,,,,,,,,,,,,,,,,,,,,,False
2281430,2016-2017,10,10,Werder Bremen II,8162,Wehen Wiesbaden,8196,True,2016-10-01T12:00:00Z,0,1,,,,,,,,,,,,,,,,,,,,,,,,,,,,,,,,,,,,,,,,,False
2281433,2016-2017,10,10,MSV Duisburg,8293,Chemnitzer FC,6596,True,2016-10-01T12:05:00Z,1,0,,,,,,,,,,,,,,,,,,,,,,,,,,,,,,,,,,,,,,,,,False
2281434,2016-2017,10,10,VfL Osnabrück,9775,Jahn Regensburg,7789,True,2016-10-01T12:05:00Z,1,2,43.0,57.0,16.0,14.0,5.0,3.0,9.0,9.0,2.0,1.0,2.0,1.0,382.0,512.0,263.0,397.0,69.0,78.0,25.0,25.0,5.0,3.0,18.0,24.0,14.0,14.0,21.0,23.0,3.0,3.0,64.0,71.0,21.0,26.0,11.0,18.0,3.0,4.0,0.0,0.0,True
2281428,2016-2017,10,10,Sportfreunde Lotte,95103,FSV Frankfurt,88885,True,2016-10-01T12:05:00Z,0,1,,,,,,,,,,,,,,,,,,,,,,,,,,,,,,,,,,,,,,,,,False
2281431,2016-2017,10,10,Magdeburg,8188,Holstein Kiel,8150,True,2016-10-01T12:15:00Z,1,0,,,,,,,,,,,,,,,,,,,,,,,,,,,,,,,,,,,,,,,,,False
2281432,2016-2017,10,10,Mainz 05 II,8397,RW Erfurt,8148,True,2016-10-02T12:00:00Z,1,1,,,,,,,,,,,,,,,,,,,,,,,,,,,,,,,,,,,,,,,,,False
2281442,2016-2017,11,11,Sonnenhof Großaspach,94941,Paderborn,8460,True,2016-10-14T17:00:00Z,2,3,54.0,46.0,14.0,20.0,6.0,7.0,5.0,5.0,6.0,1.0,5.0,1.0,471.0,401.0,374.0,292.0,79.0,73.0,25.0,22.0,5.0,5.0,18.0,24.0,7.0,10.0,32.0,34.0,5.0,4.0,67.0,65.0,24.0,20.0,15.0,18.0,1.0,3.0,0.0,0.0,True
2281439,2016-2017,11,11,Aalen,8233,Sportfreunde Lotte,95103,True,2016-10-15T12:00:00Z,1,1,30.0,70.0,4.0,20.0,0.0,7.0,1.0,4.0,0.0,4.0,0.0,2.0,263.0,632.0,159.0,522.0,60.0,83.0,6.0,32.0,1.0,6.0,11.0,15.0,14.0,11.0,16.0,18.0,5.0,0.0,40.0,47.0,14.0,12.0,16.0,15.0,3.0,1.0,0.0,0.0,True
2281443,2016-2017,11,11,Hansa Rostock,8294,VfL Osnabrück,9775,True,2016-10-15T12:00:00Z,1,2,46.0,54.0,13.0,6.0,4.0,1.0,5.0,2.0,1.0,0.0,1.0,0.0,397.0,464.0,306.0,364.0,77.0,78.0,22.0,9.0,6.0,3.0,15.0,17.0,7.0,10.0,20.0,28.0,1.0,4.0,52.0,45.0,8.0,9.0,15.0,16.0,4.0,5.0,0.0,0.0,True
2281438,2016-2017,11,11,Holstein Kiel,8150,Werder Bremen II,8162,True,2016-10-15T12:00:00Z,3,1,41.0,59.0,12.0,17.0,5.0,4.0,5.0,7.0,2.0,3.0,1.0,2.0,337.0,477.0,255.0,381.0,76.0,80.0,21.0,28.0,4.0,7.0,12.0,11.0,5.0,9.0,25.0,26.0,2.0,3.0,46.0,54.0,9.0,19.0,18.0,18.0,5.0,4.0,0.0,0.0,True
2281444,2016-2017,11,11,Jahn Regensburg,7789,MSV Duisburg,8293,True,2016-10-15T12:00:00Z,1,2,,,,,,,,,,,,,,,,,,,,,,,,,,,,,,,,,,,,,,,,,False
2281435,2016-2017,11,11,Preussen Münster,8171,Wehen Wiesbaden,8196,True,2016-10-15T12:00:00Z,2,2,,,,,,,,,,,,,,,,,,,,,,,,,,,,,,,,,,,,,,,,,False
2281441,2016-2017,11,11,Hallescher FC,7761,FSV Zwickau,95202,True,2016-10-15T12:05:00Z,3,2,,,,,,,,,,,,,,,,,,,,,,,,,,,,,,,,,,,,,,,,,False
2281437,2016-2017,11,11,RW Erfurt,8148,Magdeburg,8188,True,2016-10-15T12:05:00Z,1,0,,,,,,,,,,,,,,,,,,,,,,,,,,,,,,,,,,,,,,,,,False
2281440,2016-2017,11,11,FSV Frankfurt,88885,Fortuna Köln,7786,True,2016-10-16T12:00:00Z,6,0,,,,,,,,,,,,,,,,,,,,,,,,,,,,,,,,,,,,,,,,,False
2281436,2016-2017,11,11,Chemnitzer FC,6596,Mainz 05 II,8397,True,2016-10-16T12:05:00Z,4,1,,,,,,,,,,,,,,,,,,,,,,,,,,,,,,,,,,,,,,,,,False
2281446,2016-2017,12,12,FSV Zwickau,95202,FSV Frankfurt,88885,True,2016-10-22T12:00:00Z,1,1,,,,,,,,,,,,,,,,,,,,,,,,,,,,,,,,,,,,,,,,,False
2281453,2016-2017,12,12,MSV Duisburg,8293,Hansa Rostock,8294,True,2016-10-22T12:00:00Z,0,1,48.0,52.0,12.0,12.0,6.0,4.0,3.0,3.0,3.0,0.0,1.0,0.0,389.0,441.0,307.0,364.0,79.0,83.0,17.0,15.0,6.0,3.0,12.0,21.0,10.0,9.0,20.0,41.0,3.0,3.0,53.0,54.0,20.0,17.0,12.0,13.0,2.0,2.0,0.0,0.0,True
2281454,2016-2017,12,12,VfL Osnabrück,9775,Sonnenhof Großaspach,94941,True,2016-10-22T12:00:00Z,1,0,,,,,,,,,,,,,,,,,,,,,,,,,,,,,,,,,,,,,,,,,False
2281445,2016-2017,12,12,Paderborn,8460,Hallescher FC,7761,True,2016-10-22T12:00:00Z,0,0,,,,,,,,,,,,,,,,,,,,,,,,,,,,,,,,,,,,,,,,,False
2281449,2016-2017,12,12,Wehen Wiesbaden,8196,Holstein Kiel,8150,True,2016-10-22T12:00:00Z,0,0,47.0,53.0,14.0,10.0,5.0,2.0,6.0,6.0,0.0,0.0,0.0,0.0,401.0,484.0,300.0,393.0,75.0,81.0,20.0,14.0,4.0,2.0,26.0,15.0,5.0,12.0,10.0,30.0,1.0,5.0,68.0,55.0,23.0,29.0,8.0,14.0,1.0,2.0,0.0,0.0,True
2281447,2016-2017,12,12,Fortuna Köln,7786,Aalen,8233,True,2016-10-22T12:05:00Z,0,2,,,,,,,,,,,,,,,,,,,,,,,,,,,,,,,,,,,,,,,,,False
2281451,2016-2017,12,12,Magdeburg,8188,Chemnitzer FC,6596,True,2016-10-22T12:05:00Z,2,4,,,,,,,,,,,,,,,,,,,,,,,,,,,,,,,,,,,,,,,,,False
2281448,2016-2017,12,12,Sportfreunde Lotte,95103,Preussen Münster,8171,True,2016-10-22T12:05:00Z,1,0,,,,,,,,,,,,,,,,,,,,,,,,,,,,,,,,,,,,,,,,,False
2281452,2016-2017,12,12,Mainz 05 II,8397,Jahn Regensburg,7789,True,2016-10-23T12:05:00Z,2,0,53.0,47.0,17.0,21.0,9.0,6.0,5.0,8.0,2.0,2.0,0.0,0.0,352.0,314.0,276.0,222.0,78.0,71.0,28.0,38.0,11.0,7.0,12.0,21.0,10.0,7.0,27.0,28.0,3.0,5.0,46.0,56.0,18.0,15.0,14.0,16.0,5.0,5.0,0.0,0.0,True
2281450,2016-2017,12,12,Werder Bremen II,8162,RW Erfurt,8148,True,2016-10-23T12:05:00Z,1,0,,,,,,,,,,,,,,,,,,,,,,,,,,,,,,,,,,,,,,,,,False
2281459,2016-2017,13,13,Aalen,8233,FSV Zwickau,95202,True,2016-10-28T17:00:00Z,0,1,30.0,70.0,4.0,20.0,0.0,7.0,1.0,4.0,0.0,4.0,0.0,2.0,263.0,632.0,159.0,522.0,60.0,83.0,6.0,32.0,1.0,6.0,11.0,15.0,14.0,11.0,16.0,18.0,5.0,0.0,40.0,47.0,14.0,12.0,16.0,15.0,3.0,1.0,0.0,0.0,True
2281456,2016-2017,13,13,Chemnitzer FC,6596,Werder Bremen II,8162,True,2016-10-29T12:00:00Z,1,1,,,,,,,,,,,,,,,,,,,,,,,,,,,,,,,,,,,,,,,,,False
2281460,2016-2017,13,13,FSV Frankfurt,88885,Paderborn,8460,True,2016-10-29T12:00:00Z,3,0,54.0,46.0,14.0,20.0,6.0,7.0,5.0,5.0,6.0,1.0,5.0,1.0,471.0,401.0,374.0,292.0,79.0,73.0,25.0,22.0,5.0,5.0,18.0,24.0,7.0,10.0,32.0,34.0,5.0,4.0,67.0,65.0,24.0,20.0,15.0,18.0,1.0,3.0,0.0,0.0,True
2281463,2016-2017,13,13,Hansa Rostock,8294,Mainz 05 II,8397,True,2016-10-29T12:00:00Z,1,1,40.0,60.0,20.0,12.0,9.0,4.0,5.0,3.0,1.0,3.0,1.0,1.0,322.0,505.0,257.0,441.0,80.0,87.0,29.0,18.0,8.0,5.0,13.0,7.0,8.0,3.0,19.0,23.0,2.0,5.0,41.0,42.0,16.0,7.0,19.0,10.0,2.0,1.0,0.0,0.0,True
2281455,2016-2017,13,13,Preussen Münster,8171,Holstein Kiel,8150,True,2016-10-29T12:00:00Z,1,1,41.0,59.0,12.0,17.0,5.0,4.0,5.0,7.0,2.0,3.0,1.0,2.0,337.0,477.0,255.0,381.0,76.0,80.0,21.0,28.0,4.0,7.0,12.0,11.0,5.0,9.0,25.0,26.0,2.0,3.0,46.0,54.0,9.0,19.0,18.0,18.0,5.0,4.0,0.0,0.0,True
2281457,2016-2017,13,13,RW Erfurt,8148,Wehen Wiesbaden,8196,True,2016-10-29T12:00:00Z,1,0,,,,,,,,,,,,,,,,,,,,,,,,,,,,,,,,,,,,,,,,,False
2281462,2016-2017,13,13,Sonnenhof Großaspach,94941,MSV Duisburg,8293,True,2016-10-29T12:00:00Z,0,0,49.0,51.0,15.0,6.0,5.0,1.0,5.0,4.0,0.0,0.0,0.0,0.0,422.0,450.0,323.0,344.0,77.0,76.0,24.0,11.0,6.0,0.0,18.0,19.0,10.0,11.0,11.0,22.0,1.0,5.0,52.0,48.0,16.0,15.0,7.0,14.0,3.0,4.0,0.0,0.0,True
2281461,2016-2017,13,13,Hallescher FC,7761,VfL Osnabrück,9775,True,2016-10-29T12:05:00Z,1,0,52.0,48.0,11.0,7.0,2.0,2.0,2.0,4.0,1.0,1.0,1.0,1.0,433.0,421.0,352.0,339.0,81.0,81.0,30.0,13.0,8.0,5.0,12.0,21.0,6.0,13.0,7.0,27.0,1.0,2.0,41.0,47.0,8.0,9.0,15.0,16.0,3.0,4.0,0.0,0.0,True
2281464,2016-2017,13,13,Jahn Regensburg,7789,Magdeburg,8188,True,2016-10-29T12:05:00Z,1,1,70.0,30.0,12.0,15.0,6.0,5.0,3.0,4.0,4.0,2.0,1.0,2.0,511.0,202.0,426.0,134.0,83.0,66.0,30.0,13.0,5.0,6.0,13.0,22.0,11.0,4.0,19.0,31.0,4.0,3.0,53.0,47.0,18.0,10.0,11.0,13.0,1.0,3.0,0.0,0.0,True
2281458,2016-2017,13,13,Sportfreunde Lotte,95103,Fortuna Köln,7786,True,2016-10-29T12:05:00Z,0,1,,,,,,,,,,,,,,,,,,,,,,,,,,,,,,,,,,,,,,,,,False
2281467,2016-2017,14,14,Fortuna Köln,7786,Preussen Münster,8171,True,2016-11-05T13:00:00Z,0,1,,,,,,,,,,,,,,,,,,,,,,,,,,,,,,,,,,,,,,,,,False
2281466,2016-2017,14,14,FSV Zwickau,95202,Sportfreunde Lotte,95103,True,2016-11-05T13:00:00Z,1,1,,,,,,,,,,,,,,,,,,,,,,,,,,,,,,,,,,,,,,,,,False
2281468,2016-2017,14,14,Holstein Kiel,8150,RW Erfurt,8148,True,2016-11-05T13:00:00Z,0,0,,,,,,,,,,,,,,,,,,,,,,,,,,,,,,,,,,,,,,,,,False
2281472,2016-2017,14,14,Mainz 05 II,8397,Sonnenhof Großaspach,94941,True,2016-11-05T13:00:00Z,0,2,,,,,,,,,,,,,,,,,,,,,,,,,,,,,,,,,,,,,,,,,False
2281473,2016-2017,14,14,MSV Duisburg,8293,Hallescher FC,7761,True,2016-11-05T13:00:00Z,0,0,41.0,59.0,16.0,14.0,5.0,4.0,6.0,5.0,2.0,3.0,1.0,1.0,349.0,514.0,257.0,438.0,74.0,85.0,24.0,17.0,4.0,3.0,14.0,11.0,13.0,6.0,23.0,23.0,1.0,3.0,49.0,41.0,13.0,13.0,12.0,16.0,1.0,2.0,1.0,0.0,True
2281474,2016-2017,14,14,VfL Osnabrück,9775,FSV Frankfurt,88885,True,2016-11-05T13:00:00Z,1,1,,,,,,,,,,,,,,,,,,,,,,,,,,,,,,,,,,,,,,,,,False
2281465,2016-2017,14,14,Paderborn,8460,Aalen,8233,True,2016-11-05T13:00:00Z,0,0,30.0,70.0,4.0,20.0,0.0,7.0,1.0,4.0,0.0,4.0,0.0,2.0,263.0,632.0,159.0,522.0,60.0,83.0,6.0,32.0,1.0,6.0,11.0,15.0,14.0,11.0,16.0,18.0,5.0,0.0,40.0,47.0,14.0,12.0,16.0,15.0,3.0,1.0,0.0,0.0,True
2281469,2016-2017,14,14,Wehen Wiesbaden,8196,Chemnitzer FC,6596,True,2016-11-05T13:00:00Z,0,3,,,,,,,,,,,,,,,,,,,,,,,,,,,,,,,,,,,,,,,,,False
2281470,2016-2017,14,14,Werder Bremen II,8162,Jahn Regensburg,7789,True,2016-11-05T13:00:00Z,3,1,53.0,47.0,17.0,21.0,9.0,6.0,5.0,8.0,2.0,2.0,0.0,0.0,352.0,314.0,276.0,222.0,78.0,71.0,28.0,38.0,11.0,7.0,12.0,21.0,10.0,7.0,27.0,28.0,3.0,5.0,46.0,56.0,18.0,15.0,14.0,16.0,5.0,5.0,0.0,0.0,True
2281471,2016-2017,14,14,Magdeburg,8188,Hansa Rostock,8294,True,2016-11-05T13:10:00Z,1,1,54.0,46.0,9.0,10.0,2.0,4.0,5.0,5.0,0.0,2.0,0.0,0.0,427.0,384.0,307.0,292.0,72.0,76.0,20.0,19.0,6.0,1.0,22.0,25.0,3.0,10.0,9.0,35.0,2.0,2.0,60.0,75.0,16.0,23.0,17.0,11.0,4.0,3.0,0.0,0.0,True
2281479,2016-2017,15,15,Aalen,8233,VfL Osnabrück,9775,True,2016-11-18T18:00:00Z,1,1,30.0,70.0,4.0,20.0,0.0,7.0,1.0,4.0,0.0,4.0,0.0,2.0,263.0,632.0,159.0,522.0,60.0,83.0,6.0,32.0,1.0,6.0,11.0,15.0,14.0,11.0,16.0,18.0,5.0,0.0,40.0,47.0,14.0,12.0,16.0,15.0,3.0,1.0,0.0,0.0,True
2281477,2016-2017,15,15,Fortuna Köln,7786,FSV Zwickau,95202,True,2016-11-18T18:05:00Z,2,1,,,,,,,,,,,,,,,,,,,,,,,,,,,,,,,,,,,,,,,,,False
2281475,2016-2017,15,15,Preussen Münster,8171,RW Erfurt,8148,True,2016-11-18T18:05:00Z,4,0,,,,,,,,,,,,,,,,,,,,,,,,,,,,,,,,,,,,,,,,,False
2281480,2016-2017,15,15,FSV Frankfurt,88885,MSV Duisburg,8293,True,2016-11-19T13:00:00Z,0,0,49.0,51.0,15.0,6.0,5.0,1.0,5.0,4.0,0.0,0.0,0.0,0.0,422.0,450.0,323.0,344.0,77.0,76.0,24.0,11.0,6.0,0.0,18.0,19.0,10.0,11.0,11.0,22.0,1.0,5.0,52.0,48.0,16.0,15.0,7.0,14.0,3.0,4.0,0.0,0.0,True
2281483,2016-2017,15,15,Hansa Rostock,8294,Werder Bremen II,8162,True,2016-11-19T13:00:00Z,1,1,,,,,,,,,,,,,,,,,,,,,,,,,,,,,,,,,,,,,,,,,False
2281484,2016-2017,15,15,Jahn Regensburg,7789,Wehen Wiesbaden,8196,True,2016-11-19T13:00:00Z,3,1,51.0,49.0,18.0,19.0,6.0,4.0,4.0,6.0,4.0,4.0,3.0,4.0,397.0,375.0,316.0,293.0,80.0,78.0,38.0,28.0,5.0,7.0,13.0,23.0,6.0,6.0,41.0,20.0,4.0,4.0,56.0,56.0,18.0,16.0,13.0,20.0,0.0,2.0,0.0,0.0,True
2281482,2016-2017,15,15,Sonnenhof Großaspach,94941,Magdeburg,8188,True,2016-11-19T13:00:00Z,1,3,,,,,,,,,,,,,,,,,,,,,,,,,,,,,,,,,,,,,,,,,False
2281476,2016-2017,15,15,Chemnitzer FC,6596,Holstein Kiel,8150,True,2016-11-19T13:05:00Z,2,2,,,,,,,,,,,,,,,,,,,,,,,,,,,,,,,,,,,,,,,,,False
2281481,2016-2017,15,15,Hallescher FC,7761,Mainz 05 II,8397,True,2016-11-19T13:05:00Z,2,0,,,,,,,,,,,,,,,,,,,,,,,,,,,,,,,,,,,,,,,,,False
2281478,2016-2017,15,15,Sportfreunde Lotte,95103,Paderborn,8460,True,2016-11-19T13:05:00Z,6,0,54.0,46.0,14.0,20.0,6.0,7.0,5.0,5.0,6.0,1.0,5.0,1.0,471.0,401.0,374.0,292.0,79.0,73.0,25.0,22.0,5.0,5.0,18.0,24.0,7.0,10.0,32.0,34.0,5.0,4.0,67.0,65.0,24.0,20.0,15.0,18.0,1.0,3.0,0.0,0.0,True
2281489,2016-2017,16,16,Wehen Wiesbaden,8196,Hansa Rostock,8294,True,2016-11-25T18:00:00Z,1,1,55.0,45.0,22.0,7.0,9.0,3.0,4.0,3.0,2.0,1.0,1.0,1.0,467.0,394.0,382.0,305.0,82.0,77.0,40.0,16.0,9.0,4.0,18.0,15.0,14.0,7.0,21.0,31.0,3.0,6.0,50.0,49.0,16.0,10.0,17.0,11.0,2.0,4.0,0.0,0.0,True
2281493,2016-2017,16,16,MSV Duisburg,8293,Aalen,8233,True,2016-11-26T13:00:00Z,2,2,30.0,70.0,4.0,20.0,0.0,7.0,1.0,4.0,0.0,4.0,0.0,2.0,263.0,632.0,159.0,522.0,60.0,83.0,6.0,32.0,1.0,6.0,11.0,15.0,14.0,11.0,16.0,18.0,5.0,0.0,40.0,47.0,14.0,12.0,16.0,15.0,3.0,1.0,0.0,0.0,True
2281494,2016-2017,16,16,VfL Osnabrück,9775,Sportfreunde Lotte,95103,True,2016-11-26T13:00:00Z,3,0,,,,,,,,,,,,,,,,,,,,,,,,,,,,,,,,,,,,,,,,,False
2281485,2016-2017,16,16,Paderborn,8460,Fortuna Köln,7786,True,2016-11-26T13:00:00Z,1,1,,,,,,,,,,,,,,,,,,,,,,,,,,,,,,,,,,,,,,,,,False
2281487,2016-2017,16,16,RW Erfurt,8148,Chemnitzer FC,6596,True,2016-11-26T13:00:00Z,1,2,,,,,,,,,,,,,,,,,,,,,,,,,,,,,,,,,,,,,,,,,False
2281490,2016-2017,16,16,Werder Bremen II,8162,Sonnenhof Großaspach,94941,True,2016-11-26T13:00:00Z,1,0,,,,,,,,,,,,,,,,,,,,,,,,,,,,,,,,,,,,,,,,,False
2281488,2016-2017,16,16,Holstein Kiel,8150,Jahn Regensburg,7789,True,2016-11-26T13:05:00Z,2,1,77.0,23.0,19.0,10.0,3.0,4.0,8.0,6.0,4.0,1.0,3.0,1.0,692.0,205.0,592.0,142.0,86.0,69.0,35.0,13.0,9.0,0.0,19.0,12.0,6.0,9.0,12.0,41.0,2.0,2.0,61.0,36.0,20.0,10.0,8.0,10.0,2.0,4.0,0.0,0.0,True
2281491,2016-2017,16,16,Magdeburg,8188,Hallescher FC,7761,True,2016-11-26T13:05:00Z,1,0,70.0,30.0,19.0,13.0,7.0,4.0,6.0,4.0,4.0,0.0,3.0,0.0,599.0,256.0,515.0,171.0,86.0,67.0,44.0,10.0,7.0,6.0,14.0,20.0,9.0,13.0,8.0,16.0,3.0,5.0,56.0,58.0,13.0,23.0,8.0,14.0,3.0,5.0,0.0,0.0,True
2281492,2016-2017,16,16,Mainz 05 II,8397,FSV Frankfurt,88885,True,2016-11-27T13:00:00Z,1,0,,,,,,,,,,,,,,,,,,,,,,,,,,,,,,,,,,,,,,,,,False
2281486,2016-2017,16,16,FSV Zwickau,95202,Preussen Münster,8171,True,2016-11-27T13:05:00Z,0,1,,,,,,,,,,,,,,,,,,,,,,,,,,,,,,,,,,,,,,,,,False
2281504,2016-2017,17,17,Jahn Regensburg,7789,RW Erfurt,8148,True,2016-12-02T17:35:00Z,0,1,53.0,47.0,17.0,21.0,9.0,6.0,5.0,8.0,2.0,2.0,0.0,0.0,352.0,314.0,276.0,222.0,78.0,71.0,28.0,38.0,11.0,7.0,12.0,21.0,10.0,7.0,27.0,28.0,3.0,5.0,46.0,56.0,18.0,15.0,14.0,16.0,5.0,5.0,0.0,0.0,True
2281495,2016-2017,17,17,Preussen Münster,8171,Chemnitzer FC,6596,True,2016-12-02T18:00:00Z,1,0,,,,,,,,,,,,,,,,,,,,,,,,,,,,,,,,,,,,,,,,,False
2281502,2016-2017,17,17,Sonnenhof Großaspach,94941,Wehen Wiesbaden,8196,True,2016-12-02T18:05:00Z,2,1,50.0,50.0,16.0,9.0,1.0,6.0,8.0,3.0,0.0,3.0,0.0,1.0,368.0,373.0,252.0,257.0,68.0,69.0,20.0,10.0,8.0,2.0,10.0,22.0,7.0,9.0,25.0,29.0,4.0,1.0,47.0,62.0,19.0,18.0,21.0,12.0,1.0,2.0,0.0,0.0,True
2281499,2016-2017,17,17,Aalen,8233,Mainz 05 II,8397,True,2016-12-03T13:00:00Z,0,0,,,,,,,,,,,,,,,,,,,,,,,,,,,,,,,,,,,,,,,,,False
2281503,2016-2017,17,17,Hansa Rostock,8294,Holstein Kiel,8150,True,2016-12-03T13:00:00Z,1,4,49.0,51.0,12.0,13.0,4.0,2.0,4.0,8.0,3.0,0.0,1.0,0.0,382.0,390.0,299.0,298.0,78.0,76.0,15.0,23.0,7.0,4.0,8.0,9.0,11.0,6.0,20.0,16.0,2.0,2.0,53.0,45.0,22.0,20.0,16.0,17.0,6.0,4.0,0.0,0.0,True
2281497,2016-2017,17,17,Fortuna Köln,7786,VfL Osnabrück,9775,True,2016-12-03T13:05:00Z,1,1,,,,,,,,,,,,,,,,,,,,,,,,,,,,,,,,,,,,,,,,,False
2281496,2016-2017,17,17,FSV Zwickau,95202,Paderborn,8460,True,2016-12-03T13:05:00Z,3,0,54.0,46.0,14.0,20.0,6.0,7.0,5.0,5.0,6.0,1.0,5.0,1.0,471.0,401.0,374.0,292.0,79.0,73.0,25.0,22.0,5.0,5.0,18.0,24.0,7.0,10.0,32.0,34.0,5.0,4.0,67.0,65.0,24.0,20.0,15.0,18.0,1.0,3.0,0.0,0.0,True
2281501,2016-2017,17,17,Hallescher FC,7761,Werder Bremen II,8162,True,2016-12-03T13:05:00Z,2,0,,,,,,,,,,,,,,,,,,,,,,,,,,,,,,,,,,,,,,,,,False
2281500,2016-2017,17,17,FSV Frankfurt,88885,Magdeburg,8188,True,2016-12-04T13:00:00Z,0,1,36.0,64.0,24.0,16.0,9.0,6.0,8.0,7.0,5.0,3.0,4.0,3.0,277.0,503.0,200.0,435.0,72.0,86.0,34.0,30.0,8.0,7.0,13.0,19.0,8.0,9.0,22.0,32.0,6.0,5.0,36.0,47.0,16.0,12.0,10.0,5.0,2.0,4.0,0.0,0.0,True
2281498,2016-2017,17,17,Sportfreunde Lotte,95103,MSV Duisburg,8293,True,2016-12-04T13:00:00Z,0,2,,,,,,,,,,,,,,,,,,,,,,,,,,,,,,,,,,,,,,,,,False
2281506,2016-2017,18,18,Chemnitzer FC,6596,Jahn Regensburg,7789,True,2016-12-10T13:00:00Z,0,3,,,,,,,,,,,,,,,,,,,,,,,,,,,,,,,,,,,,,,,,,False
2281508,2016-2017,18,18,Holstein Kiel,8150,Sonnenhof Großaspach,94941,True,2016-12-10T13:00:00Z,1,2,41.0,59.0,12.0,17.0,5.0,4.0,5.0,7.0,2.0,3.0,1.0,2.0,337.0,477.0,255.0,381.0,76.0,80.0,21.0,28.0,4.0,7.0,12.0,11.0,5.0,9.0,25.0,26.0,2.0,3.0,46.0,54.0,9.0,19.0,18.0,18.0,5.0,4.0,0.0,0.0,True
2281513,2016-2017,18,18,MSV Duisburg,8293,Fortuna Köln,7786,True,2016-12-10T13:00:00Z,2,0,,,,,,,,,,,,,,,,,,,,,,,,,,,,,,,,,,,,,,,,,False
2281514,2016-2017,18,18,VfL Osnabrück,9775,FSV Zwickau,95202,True,2016-12-10T13:00:00Z,1,0,60.0,40.0,27.0,15.0,11.0,6.0,6.0,9.0,8.0,3.0,4.0,2.0,429.0,279.0,343.0,199.0,80.0,71.0,,,13.0,4.0,10.0,18.0,10.0,8.0,13.0,30.0,3.0,6.0,57.0,62.0,22.0,20.0,12.0,15.0,4.0,3.0,0.0,0.0,True
2281505,2016-2017,18,18,Preussen Münster,8171,Paderborn,8460,True,2016-12-10T13:00:00Z,0,1,,,,,,,,,,,,,,,,,,,,,,,,,,,,,,,,,,,,,,,,,False
2281509,2016-2017,18,18,Wehen Wiesbaden,8196,Hallescher FC,7761,True,2016-12-10T13:00:00Z,1,1,47.0,53.0,17.0,11.0,5.0,2.0,9.0,6.0,2.0,0.0,1.0,0.0,387.0,439.0,284.0,349.0,73.0,79.0,,,7.0,7.0,15.0,11.0,3.0,5.0,19.0,13.0,2.0,4.0,57.0,44.0,29.0,8.0,17.0,10.0,2.0,3.0,0.0,0.0,True
2281510,2016-2017,18,18,Werder Bremen II,8162,FSV Frankfurt,88885,True,2016-12-10T13:00:00Z,0,0,,,,,,,,,,,,,,,,,,,,,,,,,,,,,,,,,,,,,,,,,False
2281511,2016-2017,18,18,Magdeburg,8188,Aalen,8233,True,2016-12-10T13:05:00Z,3,0,36.0,64.0,24.0,16.0,9.0,6.0,8.0,7.0,5.0,3.0,4.0,3.0,277.0,503.0,200.0,435.0,72.0,86.0,34.0,30.0,8.0,7.0,13.0,19.0,8.0,9.0,22.0,32.0,6.0,5.0,36.0,47.0,16.0,12.0,10.0,5.0,2.0,4.0,0.0,0.0,True
2281507,2016-2017,18,18,RW Erfurt,8148,Hansa Rostock,8294,True,2016-12-10T13:05:00Z,1,2,,,,,,,,,,,,,,,,,,,,,,,,,,,,,,,,,,,,,,,,,False
2281512,2016-2017,18,18,Mainz 05 II,8397,Sportfreunde Lotte,95103,True,2016-12-11T13:00:00Z,0,2,,,,,,,,,,,,,,,,,,,,,,,,,,,,,,,,,,,,,,,,,False
2281522,2016-2017,19,19,Sonnenhof Großaspach,94941,RW Erfurt,8148,True,2016-12-16T18:00:00Z,2,1,,,,,,,,,,,,,,,,,,,,,,,,,,,,,,,,,,,,,,,,,False
2281519,2016-2017,19,19,Aalen,8233,Werder Bremen II,8162,True,2016-12-17T13:00:00Z,3,0,,,,,,,,,,,,,,,,,,,,,,,,,,,,,,,,,,,,,,,,,False
2281517,2016-2017,19,19,Fortuna Köln,7786,Mainz 05 II,8397,True,2016-12-17T13:00:00Z,1,0,,,,,,,,,,,,,,,,,,,,,,,,,,,,,,,,,,,,,,,,,False
2281520,2016-2017,19,19,FSV Frankfurt,88885,Wehen Wiesbaden,8196,True,2016-12-17T13:00:00Z,3,1,50.0,50.0,16.0,9.0,1.0,6.0,8.0,3.0,0.0,3.0,0.0,1.0,368.0,373.0,252.0,257.0,68.0,69.0,20.0,10.0,8.0,2.0,10.0,22.0,7.0,9.0,25.0,29.0,4.0,1.0,47.0,62.0,19.0,18.0,21.0,12.0,1.0,2.0,0.0,0.0,True
2281523,2016-2017,19,19,Hansa Rostock,8294,Chemnitzer FC,6596,True,2016-12-17T13:00:00Z,1,3,60.0,40.0,4.0,2.0,4.0,2.0,,,,,,,,,,,,,,,0.0,0.0,,,,,,,,,,,,,0.0,0.0,,,,,True
2281524,2016-2017,19,19,Jahn Regensburg,7789,Preussen Münster,8171,True,2016-12-17T13:00:00Z,3,1,50.0,50.0,15.0,8.0,4.0,2.0,9.0,3.0,1.0,0.0,0.0,0.0,280.0,280.0,184.0,173.0,66.0,62.0,28.0,19.0,4.0,3.0,26.0,17.0,7.0,13.0,26.0,32.0,2.0,2.0,73.0,68.0,33.0,27.0,20.0,11.0,6.0,3.0,0.0,0.0,True
2281518,2016-2017,19,19,Sportfreunde Lotte,95103,Magdeburg,8188,True,2016-12-17T13:00:00Z,1,3,36.0,64.0,24.0,16.0,9.0,6.0,8.0,7.0,5.0,3.0,4.0,3.0,277.0,503.0,200.0,435.0,72.0,86.0,34.0,30.0,8.0,7.0,13.0,19.0,8.0,9.0,22.0,32.0,6.0,5.0,36.0,47.0,16.0,12.0,10.0,5.0,2.0,4.0,0.0,0.0,True
2281521,2016-2017,19,19,Hallescher FC,7761,Holstein Kiel,8150,True,2016-12-17T13:05:00Z,0,0,,,,,,,,,,,,,,,,,,,,,,,,,,,,,,,,,,,,,,,,,False
2281515,2016-2017,19,19,Paderborn,8460,VfL Osnabrück,9775,True,2016-12-17T13:05:00Z,3,1,66.0,34.0,15.0,9.0,2.0,1.0,9.0,6.0,2.0,2.0,2.0,2.0,465.0,235.0,400.0,158.0,86.0,67.0,35.0,17.0,11.0,6.0,17.0,23.0,6.0,8.0,20.0,24.0,1.0,2.0,55.0,53.0,12.0,16.0,9.0,15.0,3.0,2.0,0.0,1.0,True
2281516,2016-2017,19,19,FSV Zwickau,95202,MSV Duisburg,8293,True,2016-12-18T13:00:00Z,1,1,63.0,37.0,12.0,11.0,7.0,3.0,3.0,6.0,4.0,1.0,1.0,1.0,599.0,345.0,506.0,249.0,84.0,72.0,18.0,12.0,2.0,7.0,23.0,25.0,16.0,10.0,24.0,16.0,3.0,3.0,61.0,65.0,20.0,13.0,16.0,8.0,1.0,2.0,0.0,0.0,True
2281529,2016-2017,20,20,Aalen,8233,Wehen Wiesbaden,8196,True,2017-01-28T13:00:00Z,1,1,50.0,50.0,16.0,9.0,1.0,6.0,8.0,3.0,0.0,3.0,0.0,1.0,368.0,373.0,252.0,257.0,68.0,69.0,20.0,10.0,8.0,2.0,10.0,22.0,7.0,9.0,25.0,29.0,4.0,1.0,47.0,62.0,19.0,18.0,21.0,12.0,1.0,2.0,0.0,0.0,True
2281531,2016-2017,20,20,Fortuna Köln,7786,Magdeburg,8188,True,2017-01-28T13:00:00Z,2,1,,,,,,,,,,,,,,,,,,,,,,,,,,,,,,,,,,,,,,,,,False
2281528,2016-2017,20,20,FSV Frankfurt,88885,Holstein Kiel,8150,True,2017-01-28T13:00:00Z,0,0,41.0,59.0,12.0,17.0,5.0,4.0,5.0,7.0,2.0,3.0,1.0,2.0,337.0,477.0,255.0,381.0,76.0,80.0,21.0,28.0,4.0,7.0,12.0,11.0,5.0,9.0,25.0,26.0,2.0,3.0,46.0,54.0,9.0,19.0,18.0,18.0,5.0,4.0,0.0,0.0,True
2281534,2016-2017,20,20,Hansa Rostock,8294,Jahn Regensburg,7789,True,2017-01-28T13:00:00Z,0,0,,,,,,,,,,,,,,,,,,,,,,,,,,,,,,,,,,,,,,,,,False
2281525,2016-2017,20,20,VfL Osnabrück,9775,Preussen Münster,8171,True,2017-01-28T13:00:00Z,3,0,,,,,,,,,,,,,,,,,,,,,,,,,,,,,,,,,,,,,,,,,False
2281530,2016-2017,20,20,Sportfreunde Lotte,95103,Werder Bremen II,8162,True,2017-01-28T13:00:00Z,1,2,,,,,,,,,,,,,,,,,,,,,,,,,,,,,,,,,,,,,,,,,False
2281532,2016-2017,20,20,FSV Zwickau,95202,Mainz 05 II,8397,True,2017-01-28T13:05:00Z,1,0,,,,,,,,,,,,,,,,,,,,,,,,,,,,,,,,,,,,,,,,,False
2281527,2016-2017,20,20,Hallescher FC,7761,RW Erfurt,8148,True,2017-01-28T13:05:00Z,1,0,,,,,,,,,,,,,,,,,,,,,,,,,,,,,,,,,,,,,,,,,False
2281533,2016-2017,20,20,Paderborn,8460,MSV Duisburg,8293,True,2017-01-28T13:05:00Z,0,1,49.0,51.0,15.0,6.0,5.0,1.0,5.0,4.0,0.0,0.0,0.0,0.0,422.0,450.0,323.0,344.0,77.0,76.0,24.0,11.0,6.0,0.0,18.0,19.0,10.0,11.0,11.0,22.0,1.0,5.0,52.0,48.0,16.0,15.0,7.0,14.0,3.0,4.0,0.0,0.0,True
2281526,2016-2017,20,20,Sonnenhof Großaspach,94941,Chemnitzer FC,6596,True,2017-01-28T13:05:00Z,2,2,,,,,,,,,,,,,,,,,,,,,,,,,,,,,,,,,,,,,,,,,False
2281541,2016-2017,21,21,Chemnitzer FC,6596,Hallescher FC,7761,True,2017-02-04T13:00:00Z,1,1,,,,,,,,,,,,,,,,,,,,,,,,,,,,,,,,,,,,,,,,,False
2281539,2016-2017,21,21,Holstein Kiel,8150,Aalen,8233,True,2017-02-04T13:00:00Z,2,2,41.0,59.0,12.0,17.0,5.0,4.0,5.0,7.0,2.0,3.0,1.0,2.0,337.0,477.0,255.0,381.0,76.0,80.0,21.0,28.0,4.0,7.0,12.0,11.0,5.0,9.0,25.0,26.0,2.0,3.0,46.0,54.0,9.0,19.0,18.0,18.0,5.0,4.0,0.0,0.0,True
2281542,2016-2017,21,21,Jahn Regensburg,7789,Sonnenhof Großaspach,94941,True,2017-02-04T13:00:00Z,1,1,53.0,47.0,17.0,21.0,9.0,6.0,5.0,8.0,2.0,2.0,0.0,0.0,352.0,314.0,276.0,222.0,78.0,71.0,28.0,38.0,11.0,7.0,12.0,21.0,10.0,7.0,27.0,28.0,3.0,5.0,46.0,56.0,18.0,15.0,14.0,16.0,5.0,5.0,0.0,0.0,True
2281535,2016-2017,21,21,Mainz 05 II,8397,Paderborn,8460,True,2017-02-04T13:00:00Z,0,1,,,,,,,,,,,,,,,,,,,,,,,,,,,,,,,,,,,,,,,,,False
2281540,2016-2017,21,21,RW Erfurt,8148,FSV Frankfurt,88885,True,2017-02-04T13:00:00Z,1,0,,,,,,,,,,,,,,,,,,,,,,,,,,,,,,,,,,,,,,,,,False
2281538,2016-2017,21,21,Wehen Wiesbaden,8196,Sportfreunde Lotte,95103,True,2017-02-04T13:00:00Z,0,3,50.0,50.0,16.0,9.0,1.0,6.0,8.0,3.0,0.0,3.0,0.0,1.0,368.0,373.0,252.0,257.0,68.0,69.0,20.0,10.0,8.0,2.0,10.0,22.0,7.0,9.0,25.0,29.0,4.0,1.0,47.0,62.0,19.0,18.0,21.0,12.0,1.0,2.0,0.0,0.0,True
2281544,2016-2017,21,21,MSV Duisburg,8293,VfL Osnabrück,9775,True,2017-02-04T13:05:00Z,2,2,49.0,51.0,15.0,6.0,5.0,1.0,5.0,4.0,0.0,0.0,0.0,0.0,422.0,450.0,323.0,344.0,77.0,76.0,24.0,11.0,6.0,0.0,18.0,19.0,10.0,11.0,11.0,22.0,1.0,5.0,52.0,48.0,16.0,15.0,7.0,14.0,3.0,4.0,0.0,0.0,True
2281537,2016-2017,21,21,Werder Bremen II,8162,Fortuna Köln,7786,True,2017-02-05T13:00:00Z,1,1,,,,,,,,,,,,,,,,,,,,,,,,,,,,,,,,,,,,,,,,,False
2281543,2016-2017,21,21,Preussen Münster,8171,Hansa Rostock,8294,True,2017-02-05T13:05:00Z,3,1,,,,,,,,,,,,,,,,,,,,,,,,,,,,,,,,,,,,,,,,,False
2281536,2016-2017,21,21,Magdeburg,8188,FSV Zwickau,95202,True,2017-02-05T13:10:00Z,1,1,67.0,33.0,22.0,15.0,8.0,4.0,11.0,7.0,2.0,3.0,1.0,3.0,571.0,270.0,489.0,189.0,86.0,70.0,41.0,20.0,6.0,3.0,18.0,9.0,14.0,8.0,9.0,19.0,4.0,5.0,49.0,30.0,11.0,14.0,6.0,13.0,0.0,2.0,0.0,0.0,True
2281547,2016-2017,22,22,Aalen,8233,RW Erfurt,8148,True,2017-02-10T18:00:00Z,1,1,,,,,,,,,,,,,,,,,,,,,,,,,,,,,,,,,,,,,,,,,False
2281552,2016-2017,22,22,VfL Osnabrück,9775,Mainz 05 II,8397,True,2017-02-10T18:00:00Z,1,2,,,,,,,,,,,,,,,,,,,,,,,,,,,,,,,,,,,,,,,,,False
2281549,2016-2017,22,22,Fortuna Köln,7786,Wehen Wiesbaden,8196,True,2017-02-11T13:00:00Z,0,0,,,,,,,,,,,,,,,,,,,,,,,,,,,,,,,,,,,,,,,,,False
2281546,2016-2017,22,22,FSV Frankfurt,88885,Chemnitzer FC,6596,True,2017-02-11T13:00:00Z,0,3,,,,,,,,,,,,,,,,,,,,,,,,,,,,,,,,,,,,,,,,,False
2281550,2016-2017,22,22,FSV Zwickau,95202,Werder Bremen II,8162,True,2017-02-11T13:00:00Z,2,1,,,,,,,,,,,,,,,,,,,,,,,,,,,,,,,,,,,,,,,,,False
2281554,2016-2017,22,22,Hallescher FC,7761,Jahn Regensburg,7789,True,2017-02-11T13:00:00Z,1,1,39.0,61.0,12.0,14.0,4.0,0.0,4.0,8.0,2.0,0.0,1.0,0.0,303.0,477.0,214.0,385.0,71.0,81.0,23.0,21.0,3.0,9.0,10.0,16.0,0.0,8.0,31.0,14.0,0.0,2.0,51.0,44.0,22.0,14.0,13.0,8.0,2.0,2.0,0.0,0.0,True
2281551,2016-2017,22,22,Paderborn,8460,Magdeburg,8188,True,2017-02-11T13:00:00Z,1,1,,,,,,,,,,,,,,,,,,,,,,,,,,,,,,,,,,,,,,,,,False
2281553,2016-2017,22,22,Sonnenhof Großaspach,94941,Hansa Rostock,8294,True,2017-02-11T13:00:00Z,1,1,40.0,60.0,20.0,12.0,9.0,4.0,5.0,3.0,1.0,3.0,1.0,1.0,322.0,505.0,257.0,441.0,80.0,87.0,29.0,18.0,8.0,5.0,13.0,7.0,8.0,3.0,19.0,23.0,2.0,5.0,41.0,42.0,16.0,7.0,19.0,10.0,2.0,1.0,0.0,0.0,True
2281545,2016-2017,22,22,MSV Duisburg,8293,Preussen Münster,8171,True,2017-02-12T13:05:00Z,3,2,63.0,37.0,15.0,8.0,6.0,3.0,3.0,3.0,1.0,3.0,0.0,2.0,526.0,311.0,456.0,234.0,87.0,75.0,32.0,13.0,11.0,4.0,8.0,17.0,9.0,6.0,11.0,28.0,2.0,3.0,36.0,53.0,11.0,16.0,16.0,13.0,5.0,5.0,0.0,1.0,True
2281563,2016-2017,23,23,Mainz 05 II,8397,MSV Duisburg,8293,True,2017-02-17T18:00:00Z,0,2,49.0,51.0,15.0,6.0,5.0,1.0,5.0,4.0,0.0,0.0,0.0,0.0,422.0,450.0,323.0,344.0,77.0,76.0,24.0,11.0,6.0,0.0,18.0,19.0,10.0,11.0,11.0,22.0,1.0,5.0,52.0,48.0,16.0,15.0,7.0,14.0,3.0,4.0,0.0,0.0,True
2281559,2016-2017,23,23,Chemnitzer FC,6596,Aalen,8233,True,2017-02-18T13:00:00Z,0,1,,,,,,,,,,,,,,,,,,,,,,,,,,,,,,,,,,,,,,,,,False
2281560,2016-2017,23,23,Jahn Regensburg,7789,FSV Frankfurt,88885,True,2017-02-18T13:00:00Z,2,1,53.0,47.0,17.0,21.0,9.0,6.0,5.0,8.0,2.0,2.0,0.0,0.0,352.0,314.0,276.0,222.0,78.0,71.0,28.0,38.0,11.0,7.0,12.0,21.0,10.0,7.0,27.0,28.0,3.0,5.0,46.0,56.0,18.0,15.0,14.0,16.0,5.0,5.0,0.0,0.0,True
2281558,2016-2017,23,23,RW Erfurt,8148,Sportfreunde Lotte,95103,True,2017-02-18T13:00:00Z,0,3,,,,,,,,,,,,,,,,,,,,,,,,,,,,,,,,,,,,,,,,,False
2281555,2016-2017,23,23,Werder Bremen II,8162,Paderborn,8460,True,2017-02-18T13:00:00Z,1,0,,,,,,,,,,,,,,,,,,,,,,,,,,,,,,,,,,,,,,,,,False
2281557,2016-2017,23,23,Holstein Kiel,8150,Fortuna Köln,7786,True,2017-02-18T13:05:00Z,5,1,,,,,,,,,,,,,,,,,,,,,,,,,,,,,,,,,,,,,,,,,False
2281564,2016-2017,23,23,Magdeburg,8188,VfL Osnabrück,9775,True,2017-02-18T13:05:00Z,3,0,61.0,39.0,12.0,10.0,5.0,4.0,3.0,4.0,4.0,2.0,3.0,1.0,452.0,290.0,381.0,232.0,84.0,80.0,31.0,18.0,10.0,5.0,27.0,13.0,3.0,11.0,17.0,21.0,3.0,4.0,61.0,54.0,8.0,18.0,14.0,14.0,2.0,4.0,0.0,0.0,True
2281562,2016-2017,23,23,Preussen Münster,8171,Sonnenhof Großaspach,94941,True,2017-02-18T13:05:00Z,3,0,,,,,,,,,,,,,,,,,,,,,,,,,,,,,,,,,,,,,,,,,False
2281556,2016-2017,23,23,Wehen Wiesbaden,8196,FSV Zwickau,95202,True,2017-02-18T13:05:00Z,3,0,66.0,34.0,19.0,10.0,11.0,5.0,6.0,2.0,4.0,3.0,3.0,1.0,585.0,300.0,494.0,218.0,84.0,73.0,40.0,17.0,7.0,5.0,17.0,18.0,6.0,8.0,17.0,24.0,1.0,7.0,58.0,49.0,23.0,16.0,9.0,15.0,1.0,1.0,0.0,0.0,True
2281561,2016-2017,23,23,Hansa Rostock,8294,Hallescher FC,7761,True,2017-02-19T13:05:00Z,1,0,46.0,54.0,14.0,9.0,3.0,2.0,6.0,4.0,0.0,0.0,0.0,0.0,355.0,419.0,248.0,303.0,70.0,72.0,23.0,15.0,13.0,4.0,16.0,16.0,16.0,7.0,20.0,30.0,2.0,2.0,59.0,68.0,31.0,34.0,14.0,9.0,1.0,1.0,0.0,0.0,True
2281571,2016-2017,24,24,MSV Duisburg,8293,Magdeburg,8188,True,2017-02-24T17:45:00Z,0,0,23.0,77.0,8.0,17.0,1.0,9.0,2.0,7.0,0.0,4.0,0.0,1.0,249.0,870.0,172.0,798.0,69.0,92.0,12.0,38.0,4.0,3.0,12.0,14.0,5.0,13.0,14.0,7.0,4.0,1.0,32.0,40.0,8.0,7.0,11.0,7.0,1.0,1.0,1.0,0.0,True
2281570,2016-2017,24,24,VfL Osnabrück,9775,Werder Bremen II,8162,True,2017-02-24T18:00:00Z,0,1,,,,,,,,,,,,,,,,,,,,,,,,,,,,,,,,,,,,,,,,,False
2281569,2016-2017,24,24,Paderborn,8460,Wehen Wiesbaden,8196,True,2017-02-24T18:00:00Z,0,1,47.0,53.0,6.0,16.0,2.0,4.0,3.0,7.0,1.0,3.0,0.0,1.0,466.0,544.0,355.0,440.0,76.0,81.0,23.0,25.0,2.0,7.0,23.0,8.0,10.0,11.0,27.0,16.0,2.0,1.0,51.0,41.0,13.0,16.0,11.0,7.0,2.0,2.0,0.0,0.0,True
2281574,2016-2017,24,24,Aalen,8233,Jahn Regensburg,7789,True,2017-02-25T13:00:00Z,1,2,53.0,47.0,17.0,21.0,9.0,6.0,5.0,8.0,2.0,2.0,0.0,0.0,352.0,314.0,276.0,222.0,78.0,71.0,28.0,38.0,11.0,7.0,12.0,21.0,10.0,7.0,27.0,28.0,3.0,5.0,46.0,56.0,18.0,15.0,14.0,16.0,5.0,5.0,0.0,0.0,True
2281567,2016-2017,24,24,Fortuna Köln,7786,RW Erfurt,8148,True,2017-02-25T13:00:00Z,0,1,,,,,,,,,,,,,,,,,,,,,,,,,,,,,,,,,,,,,,,,,False
2281565,2016-2017,24,24,Mainz 05 II,8397,Preussen Münster,8171,True,2017-02-25T13:00:00Z,3,1,,,,,,,,,,,,,,,,,,,,,,,,,,,,,,,,,,,,,,,,,False
2281573,2016-2017,24,24,FSV Frankfurt,88885,Hansa Rostock,8294,True,2017-02-25T13:05:00Z,0,0,35.0,65.0,13.0,33.0,5.0,6.0,4.0,21.0,1.0,2.0,1.0,2.0,322.0,552.0,190.0,434.0,59.0,79.0,17.0,43.0,3.0,20.0,28.0,20.0,16.0,11.0,58.0,13.0,5.0,4.0,88.0,81.0,24.0,34.0,21.0,21.0,5.0,3.0,0.0,0.0,True
2281572,2016-2017,24,24,Hallescher FC,7761,Sonnenhof Großaspach,94941,True,2017-02-25T13:05:00Z,0,1,,,,,,,,,,,,,,,,,,,,,,,,,,,,,,,,,,,,,,,,,False
2281568,2016-2017,24,24,FSV Zwickau,95202,Holstein Kiel,8150,True,2017-02-26T13:00:00Z,1,0,41.0,59.0,12.0,17.0,5.0,4.0,5.0,7.0,2.0,3.0,1.0,2.0,337.0,477.0,255.0,381.0,76.0,80.0,21.0,28.0,4.0,7.0,12.0,11.0,5.0,9.0,25.0,26.0,2.0,3.0,46.0,54.0,9.0,19.0,18.0,18.0,5.0,4.0,0.0,0.0,True
2281577,2016-2017,25,25,Chemnitzer FC,6596,Fortuna Köln,7786,True,2017-03-03T18:00:00Z,3,1,,,,,,,,,,,,,,,,,,,,,,,,,,,,,,,,,,,,,,,,,False
2281579,2016-2017,25,25,Hansa Rostock,8294,Aalen,8233,True,2017-03-04T13:00:00Z,1,1,30.0,70.0,4.0,20.0,0.0,7.0,1.0,4.0,0.0,4.0,0.0,2.0,263.0,632.0,159.0,522.0,60.0,83.0,6.0,32.0,1.0,6.0,11.0,15.0,14.0,11.0,16.0,18.0,5.0,0.0,40.0,47.0,14.0,12.0,16.0,15.0,3.0,1.0,0.0,0.0,True
2281575,2016-2017,25,25,Holstein Kiel,8150,Paderborn,8460,True,2017-03-04T13:00:00Z,2,1,,,,,,,,,,,,,,,,,,,,,,,,,,,,,,,,,,,,,,,,,False
2281582,2016-2017,25,25,Magdeburg,8188,Mainz 05 II,8397,True,2017-03-04T13:00:00Z,1,2,36.0,64.0,24.0,16.0,9.0,6.0,8.0,7.0,5.0,3.0,4.0,3.0,277.0,503.0,200.0,435.0,72.0,86.0,34.0,30.0,8.0,7.0,13.0,19.0,8.0,9.0,22.0,32.0,6.0,5.0,36.0,47.0,16.0,12.0,10.0,5.0,2.0,4.0,0.0,0.0,True
2281581,2016-2017,25,25,Preussen Münster,8171,Hallescher FC,7761,True,2017-03-04T13:00:00Z,1,1,58.0,42.0,7.0,7.0,1.0,1.0,4.0,3.0,0.0,1.0,0.0,1.0,406.0,288.0,298.0,179.0,73.0,62.0,25.0,17.0,8.0,7.0,12.0,13.0,7.0,4.0,16.0,34.0,1.0,0.0,48.0,48.0,18.0,17.0,17.0,14.0,5.0,2.0,0.0,0.0,True
2281576,2016-2017,25,25,RW Erfurt,8148,FSV Zwickau,95202,True,2017-03-04T13:00:00Z,1,3,,,,,,,,,,,,,,,,,,,,,,,,,,,,,,,,,,,,,,,,,False
2281580,2016-2017,25,25,Sonnenhof Großaspach,94941,FSV Frankfurt,88885,True,2017-03-04T13:00:00Z,3,1,,,,,,,,,,,,,,,,,,,,,,,,,,,,,,,,,,,,,,,,,False
2281584,2016-2017,25,25,Wehen Wiesbaden,8196,VfL Osnabrück,9775,True,2017-03-04T13:00:00Z,2,1,,,,,,,,,,,,,,,,,,,,,,,,,,,,,,,,,,,,,,,,,False
2281578,2016-2017,25,25,Jahn Regensburg,7789,Sportfreunde Lotte,95103,True,2017-03-04T13:05:00Z,2,0,53.0,47.0,17.0,21.0,9.0,6.0,5.0,8.0,2.0,2.0,0.0,0.0,352.0,314.0,276.0,222.0,78.0,71.0,28.0,38.0,11.0,7.0,12.0,21.0,10.0,7.0,27.0,28.0,3.0,5.0,46.0,56.0,18.0,15.0,14.0,16.0,5.0,5.0,0.0,0.0,True
2281583,2016-2017,25,25,Werder Bremen II,8162,MSV Duisburg,8293,True,2017-03-05T13:00:00Z,0,0,,,,,,,,,,,,,,,,,,,,,,,,,,,,,,,,,,,,,,,,,False
2281566,2016-2017,24,24,Sportfreunde Lotte,95103,Chemnitzer FC,6596,True,2017-03-08T18:00:00Z,3,0,,,,,,,,,,,,,,,,,,,,,,,,,,,,,,,,,,,,,,,,,False
2281585,2016-2017,26,26,Magdeburg,8188,Preussen Münster,8171,True,2017-03-10T17:30:00Z,1,0,35.0,65.0,12.0,10.0,5.0,4.0,3.0,4.0,1.0,2.0,0.0,2.0,328.0,618.0,245.0,532.0,75.0,86.0,18.0,19.0,2.0,5.0,14.0,18.0,7.0,9.0,40.0,23.0,4.0,3.0,57.0,54.0,23.0,11.0,15.0,15.0,1.0,4.0,0.0,0.0,True
2281588,2016-2017,26,26,VfL Osnabrück,9775,Holstein Kiel,8150,True,2017-03-10T18:00:00Z,2,1,58.0,42.0,14.0,8.0,8.0,2.0,4.0,2.0,4.0,0.0,2.0,0.0,478.0,319.0,391.0,240.0,82.0,75.0,23.0,22.0,4.0,5.0,19.0,10.0,9.0,4.0,34.0,22.0,2.0,4.0,52.0,51.0,14.0,24.0,15.0,13.0,2.0,4.0,0.0,0.0,True
2281592,2016-2017,26,26,Aalen,8233,Sonnenhof Großaspach,94941,True,2017-03-11T13:00:00Z,2,0,30.0,70.0,4.0,20.0,0.0,7.0,1.0,4.0,0.0,4.0,0.0,2.0,263.0,632.0,159.0,522.0,60.0,83.0,6.0,32.0,1.0,6.0,11.0,15.0,14.0,11.0,16.0,18.0,5.0,0.0,40.0,47.0,14.0,12.0,16.0,15.0,3.0,1.0,0.0,0.0,True
2281594,2016-2017,26,26,Fortuna Köln,7786,Jahn Regensburg,7789,True,2017-03-11T13:00:00Z,2,2,,,,,,,,,,,,,,,,,,,,,,,,,,,,,,,,,,,,,,,,,False
2281591,2016-2017,26,26,FSV Frankfurt,88885,Hallescher FC,7761,True,2017-03-11T13:00:00Z,0,1,,,,,,,,,,,,,,,,,,,,,,,,,,,,,,,,,,,,,,,,,False
2281590,2016-2017,26,26,Mainz 05 II,8397,Werder Bremen II,8162,True,2017-03-11T13:00:00Z,0,1,,,,,,,,,,,,,,,,,,,,,,,,,,,,,,,,,,,,,,,,,False
2281587,2016-2017,26,26,Paderborn,8460,RW Erfurt,8148,True,2017-03-11T13:00:00Z,0,1,,,,,,,,,,,,,,,,,,,,,,,,,,,,,,,,,,,,,,,,,False
2281589,2016-2017,26,26,MSV Duisburg,8293,Wehen Wiesbaden,8196,True,2017-03-11T13:05:00Z,0,1,37.0,63.0,10.0,14.0,6.0,3.0,1.0,6.0,1.0,1.0,0.0,1.0,335.0,569.0,239.0,481.0,71.0,85.0,12.0,21.0,3.0,5.0,13.0,9.0,14.0,3.0,29.0,21.0,2.0,3.0,38.0,54.0,8.0,25.0,12.0,12.0,2.0,5.0,0.0,0.0,True
2281593,2016-2017,26,26,Sportfreunde Lotte,95103,Hansa Rostock,8294,True,2017-03-11T13:05:00Z,2,0,40.0,60.0,20.0,12.0,9.0,4.0,5.0,3.0,1.0,3.0,1.0,1.0,322.0,505.0,257.0,441.0,80.0,87.0,29.0,18.0,8.0,5.0,13.0,7.0,8.0,3.0,19.0,23.0,2.0,5.0,41.0,42.0,16.0,7.0,19.0,10.0,2.0,1.0,0.0,0.0,True
2281586,2016-2017,26,26,FSV Zwickau,95202,Chemnitzer FC,6596,True,2017-03-12T13:05:00Z,1,0,,,,,,,,,,,,,,,,,,,,,,,,,,,,,,,,,,,,,,,,,False
2281601,2016-2017,27,27,Werder Bremen II,8162,Magdeburg,8188,True,2017-03-14T17:00:00Z,0,1,,,,,,,,,,,,,,,,,,,,,,,,,,,,,,,,,,,,,,,,,False
2281599,2016-2017,27,27,Hallescher FC,7761,Aalen,8233,True,2017-03-14T18:00:00Z,1,4,,,,,,,,,,,,,,,,,,,,,,,,,,,,,,,,,,,,,,,,,False
2281603,2016-2017,27,27,Holstein Kiel,8150,MSV Duisburg,8293,True,2017-03-14T18:00:00Z,2,0,41.0,59.0,12.0,17.0,5.0,4.0,5.0,7.0,2.0,3.0,1.0,2.0,337.0,477.0,255.0,381.0,76.0,80.0,21.0,28.0,4.0,7.0,12.0,11.0,5.0,9.0,25.0,26.0,2.0,3.0,46.0,54.0,9.0,19.0,18.0,18.0,5.0,4.0,0.0,0.0,True
2281600,2016-2017,27,27,Preussen Münster,8171,FSV Frankfurt,88885,True,2017-03-14T18:00:00Z,2,1,,,,,,,,,,,,,,,,,,,,,,,,,,,,,,,,,,,,,,,,,False
2281604,2016-2017,27,27,RW Erfurt,8148,VfL Osnabrück,9775,True,2017-03-14T18:00:00Z,1,0,,,,,,,,,,,,,,,,,,,,,,,,,,,,,,,,,,,,,,,,,False
2281595,2016-2017,27,27,Chemnitzer FC,6596,Paderborn,8460,True,2017-03-15T18:00:00Z,2,1,,,,,,,,,,,,,,,,,,,,,,,,,,,,,,,,,,,,,,,,,False
2281597,2016-2017,27,27,Hansa Rostock,8294,Fortuna Köln,7786,True,2017-03-15T18:00:00Z,1,1,,,,,,,,,,,,,,,,,,,,,,,,,,,,,,,,,,,,,,,,,False
2281596,2016-2017,27,27,Jahn Regensburg,7789,FSV Zwickau,95202,True,2017-03-15T18:00:00Z,1,2,53.0,47.0,17.0,21.0,9.0,6.0,5.0,8.0,2.0,2.0,0.0,0.0,352.0,314.0,276.0,222.0,78.0,71.0,28.0,38.0,11.0,7.0,12.0,21.0,10.0,7.0,27.0,28.0,3.0,5.0,46.0,56.0,18.0,15.0,14.0,16.0,5.0,5.0,0.0,0.0,True
2281602,2016-2017,27,27,Wehen Wiesbaden,8196,Mainz 05 II,8397,True,2017-03-15T18:00:00Z,0,2,50.0,50.0,16.0,9.0,1.0,6.0,8.0,3.0,0.0,3.0,0.0,1.0,368.0,373.0,252.0,257.0,68.0,69.0,20.0,10.0,8.0,2.0,10.0,22.0,7.0,9.0,25.0,29.0,4.0,1.0,47.0,62.0,19.0,18.0,21.0,12.0,1.0,2.0,0.0,0.0,True
2281605,2016-2017,28,28,Werder Bremen II,8162,Preussen Münster,8171,True,2017-03-17T18:00:00Z,0,1,,,,,,,,,,,,,,,,,,,,,,,,,,,,,,,,,,,,,,,,,False
2281610,2016-2017,28,28,Aalen,8233,FSV Frankfurt,88885,True,2017-03-18T13:00:00Z,2,0,,,,,,,,,,,,,,,,,,,,,,,,,,,,,,,,,,,,,,,,,False
2281612,2016-2017,28,28,Fortuna Köln,7786,Sonnenhof Großaspach,94941,True,2017-03-18T13:00:00Z,2,0,,,,,,,,,,,,,,,,,,,,,,,,,,,,,,,,,,,,,,,,,False
2281608,2016-2017,28,28,Mainz 05 II,8397,Holstein Kiel,8150,True,2017-03-18T13:00:00Z,0,3,41.0,59.0,12.0,17.0,5.0,4.0,5.0,7.0,2.0,3.0,1.0,2.0,337.0,477.0,255.0,381.0,76.0,80.0,21.0,28.0,4.0,7.0,12.0,11.0,5.0,9.0,25.0,26.0,2.0,3.0,46.0,54.0,9.0,19.0,18.0,18.0,5.0,4.0,0.0,0.0,True
2281607,2016-2017,28,28,MSV Duisburg,8293,RW Erfurt,8148,True,2017-03-18T13:00:00Z,3,2,,,,,,,,,,,,,,,,,,,,,,,,,,,,,,,,,,,,,,,,,False
2281606,2016-2017,28,28,VfL Osnabrück,9775,Chemnitzer FC,6596,True,2017-03-18T13:00:00Z,3,0,,,,,,,,,,,,,,,,,,,,,,,,,,,,,,,,,,,,,,,,,False
2281614,2016-2017,28,28,Paderborn,8460,Jahn Regensburg,7789,True,2017-03-18T13:00:00Z,0,2,39.0,61.0,5.0,14.0,0.0,3.0,3.0,6.0,2.0,3.0,2.0,3.0,252.0,381.0,166.0,290.0,66.0,76.0,11.0,28.0,3.0,10.0,14.0,14.0,6.0,4.0,47.0,26.0,3.0,0.0,52.0,66.0,24.0,26.0,19.0,17.0,3.0,2.0,0.0,0.0,True
2281609,2016-2017,28,28,Magdeburg,8188,Wehen Wiesbaden,8196,True,2017-03-19T13:00:00Z,0,0,64.0,36.0,12.0,9.0,4.0,2.0,4.0,2.0,2.0,2.0,1.0,2.0,600.0,332.0,509.0,233.0,85.0,70.0,23.0,17.0,9.0,1.0,13.0,25.0,5.0,14.0,16.0,23.0,2.0,2.0,44.0,67.0,6.0,26.0,12.0,15.0,3.0,3.0,0.0,1.0,True
2281611,2016-2017,28,28,Sportfreunde Lotte,95103,Hallescher FC,7761,True,2017-03-19T13:00:00Z,0,0,,,,,,,,,,,,,,,,,,,,,,,,,,,,,,,,,,,,,,,,,False
2281613,2016-2017,28,28,FSV Zwickau,95202,Hansa Rostock,8294,True,2017-03-20T19:30:00Z,2,2,59.0,41.0,22.0,10.0,4.0,1.0,7.0,2.0,0.0,0.0,0.0,0.0,445.0,314.0,312.0,184.0,70.0,59.0,,,10.0,7.0,12.0,12.0,10.0,17.0,21.0,16.0,1.0,3.0,61.0,51.0,32.0,26.0,12.0,14.0,2.0,3.0,0.0,1.0,True
2281598,2016-2017,27,27,Sonnenhof Großaspach,94941,Sportfreunde Lotte,95103,True,2017-03-22T18:00:00Z,2,0,,,,,,,,,,,,,,,,,,,,,,,,,,,,,,,,,,,,,,,,,False
2281623,2016-2017,29,29,Chemnitzer FC,6596,MSV Duisburg,8293,True,2017-03-25T13:00:00Z,2,3,,,,,,,,,,,,,,,,,,,,,,,,,,,,,,,,,,,,,,,,,False
2281618,2016-2017,29,29,FSV Frankfurt,88885,Sportfreunde Lotte,95103,True,2017-03-25T13:00:00Z,2,0,,,,,,,,,,,,,,,,,,,,,,,,,,,,,,,,,,,,,,,,,False
2281617,2016-2017,29,29,Hallescher FC,7761,Fortuna Köln,7786,True,2017-03-25T13:00:00Z,0,0,,,,,,,,,,,,,,,,,,,,,,,,,,,,,,,,,,,,,,,,,False
2281615,2016-2017,29,29,Hansa Rostock,8294,Paderborn,8460,True,2017-03-25T13:00:00Z,1,1,34.0,66.0,15.0,12.0,5.0,7.0,8.0,3.0,1.0,4.0,1.0,4.0,286.0,553.0,183.0,448.0,64.0,81.0,25.0,15.0,1.0,6.0,23.0,9.0,11.0,9.0,24.0,20.0,5.0,4.0,47.0,48.0,14.0,19.0,14.0,9.0,1.0,1.0,0.0,0.0,True
2281624,2016-2017,29,29,Jahn Regensburg,7789,VfL Osnabrück,9775,True,2017-03-25T13:00:00Z,1,2,43.0,57.0,16.0,14.0,5.0,3.0,9.0,9.0,2.0,1.0,2.0,1.0,382.0,512.0,263.0,397.0,69.0,78.0,25.0,25.0,5.0,3.0,18.0,24.0,14.0,14.0,21.0,23.0,3.0,3.0,64.0,71.0,21.0,26.0,11.0,18.0,3.0,4.0,0.0,0.0,True
2281619,2016-2017,29,29,Preussen Münster,8171,Aalen,8233,True,2017-03-25T13:00:00Z,2,1,,,,,,,,,,,,,,,,,,,,,,,,,,,,,,,,,,,,,,,,,False
2281622,2016-2017,29,29,RW Erfurt,8148,Mainz 05 II,8397,True,2017-03-25T13:00:00Z,0,0,,,,,,,,,,,,,,,,,,,,,,,,,,,,,,,,,,,,,,,,,False
2281616,2016-2017,29,29,Sonnenhof Großaspach,94941,FSV Zwickau,95202,True,2017-03-25T13:00:00Z,1,2,,,,,,,,,,,,,,,,,,,,,,,,,,,,,,,,,,,,,,,,,False
2281621,2016-2017,29,29,Holstein Kiel,8150,Magdeburg,8188,True,2017-03-25T13:10:00Z,1,1,,,,,,,,,,,,,,,,,,,,,,,,,,,,,,,,,,,,,,,,,False
2281548,2016-2017,22,22,Sportfreunde Lotte,95103,Holstein Kiel,8150,True,2017-03-28T17:00:00Z,0,0,41.0,59.0,12.0,17.0,5.0,4.0,5.0,7.0,2.0,3.0,1.0,2.0,337.0,477.0,255.0,381.0,76.0,80.0,21.0,28.0,4.0,7.0,12.0,11.0,5.0,9.0,25.0,26.0,2.0,3.0,46.0,54.0,9.0,19.0,18.0,18.0,5.0,4.0,0.0,0.0,True
2281626,2016-2017,30,30,Mainz 05 II,8397,Chemnitzer FC,6596,True,2017-03-31T16:30:00Z,0,1,,,,,,,,,,,,,,,,,,,,,,,,,,,,,,,,,,,,,,,,,False
2281630,2016-2017,30,30,Fortuna Köln,7786,FSV Frankfurt,88885,True,2017-04-01T12:00:00Z,0,0,,,,,,,,,,,,,,,,,,,,,,,,,,,,,,,,,,,,,,,,,False
2281634,2016-2017,30,30,MSV Duisburg,8293,Jahn Regensburg,7789,True,2017-04-01T12:00:00Z,1,1,,,,,,,,,,,,,,,,,,,,,,,,,,,,,,,,,,,,,,,,,False
2281632,2016-2017,30,30,Paderborn,8460,Sonnenhof Großaspach,94941,True,2017-04-01T12:00:00Z,1,2,54.0,46.0,14.0,20.0,6.0,7.0,5.0,5.0,6.0,1.0,5.0,1.0,471.0,401.0,374.0,292.0,79.0,73.0,25.0,22.0,5.0,5.0,18.0,24.0,7.0,10.0,32.0,34.0,5.0,4.0,67.0,65.0,24.0,20.0,15.0,18.0,1.0,3.0,0.0,0.0,True
2281629,2016-2017,30,30,Sportfreunde Lotte,95103,Aalen,8233,True,2017-04-01T12:00:00Z,0,2,,,,,,,,,,,,,,,,,,,,,,,,,,,,,,,,,,,,,,,,,False
2281628,2016-2017,30,30,Werder Bremen II,8162,Holstein Kiel,8150,True,2017-04-01T12:00:00Z,0,2,41.0,59.0,12.0,17.0,5.0,4.0,5.0,7.0,2.0,3.0,1.0,2.0,337.0,477.0,255.0,381.0,76.0,80.0,21.0,28.0,4.0,7.0,12.0,11.0,5.0,9.0,25.0,26.0,2.0,3.0,46.0,54.0,9.0,19.0,18.0,18.0,5.0,4.0,0.0,0.0,True
2281627,2016-2017,30,30,Magdeburg,8188,RW Erfurt,8148,True,2017-04-01T12:05:00Z,2,0,,,,,,,,,,,,,,,,,,,,,,,,,,,,,,,,,,,,,,,,,False
2281625,2016-2017,30,30,Wehen Wiesbaden,8196,Preussen Münster,8171,True,2017-04-02T12:00:00Z,1,0,,,,,,,,,,,,,,,,,,,,,,,,,,,,,,,,,,,,,,,,,False
2281631,2016-2017,30,30,FSV Zwickau,95202,Hallescher FC,7761,True,2017-04-02T12:05:00Z,2,0,,,,,,,,,,,,,,,,,,,,,,,,,,,,,,,,,,,,,,,,,False
2281633,2016-2017,30,30,VfL Osnabrück,9775,Hansa Rostock,8294,True,2017-04-02T12:05:00Z,2,1,46.0,54.0,13.0,6.0,4.0,1.0,5.0,2.0,1.0,0.0,1.0,0.0,397.0,464.0,306.0,364.0,77.0,78.0,22.0,9.0,6.0,3.0,15.0,17.0,7.0,10.0,20.0,28.0,1.0,4.0,52.0,45.0,8.0,9.0,15.0,16.0,4.0,5.0,0.0,0.0,True
2281637,2016-2017,31,31,Aalen,8233,Fortuna Köln,7786,True,2017-04-04T17:00:00Z,3,0,,,,,,,,,,,,,,,,,,,,,,,,,,,,,,,,,,,,,,,,,False
2281642,2016-2017,31,31,Jahn Regensburg,7789,Mainz 05 II,8397,True,2017-04-04T17:00:00Z,2,1,53.0,47.0,17.0,21.0,9.0,6.0,5.0,8.0,2.0,2.0,0.0,0.0,352.0,314.0,276.0,222.0,78.0,71.0,28.0,38.0,11.0,7.0,12.0,21.0,10.0,7.0,27.0,28.0,3.0,5.0,46.0,56.0,18.0,15.0,14.0,16.0,5.0,5.0,0.0,0.0,True
2281640,2016-2017,31,31,RW Erfurt,8148,Werder Bremen II,8162,True,2017-04-04T17:00:00Z,1,1,,,,,,,,,,,,,,,,,,,,,,,,,,,,,,,,,,,,,,,,,False
2281641,2016-2017,31,31,Chemnitzer FC,6596,Magdeburg,8188,True,2017-04-04T18:30:00Z,1,1,,,,,,,,,,,,,,,,,,,,,,,,,,,,,,,,,,,,,,,,,False
2281636,2016-2017,31,31,FSV Frankfurt,88885,FSV Zwickau,95202,True,2017-04-05T16:00:00Z,0,1,,,,,,,,,,,,,,,,,,,,,,,,,,,,,,,,,,,,,,,,,False
2281635,2016-2017,31,31,Hallescher FC,7761,Paderborn,8460,True,2017-04-05T17:00:00Z,1,1,,,,,,,,,,,,,,,,,,,,,,,,,,,,,,,,,,,,,,,,,False
2281643,2016-2017,31,31,Hansa Rostock,8294,MSV Duisburg,8293,True,2017-04-05T17:00:00Z,1,0,48.0,52.0,12.0,12.0,6.0,4.0,3.0,3.0,3.0,0.0,1.0,0.0,389.0,441.0,307.0,364.0,79.0,83.0,17.0,15.0,6.0,3.0,12.0,21.0,10.0,9.0,20.0,41.0,3.0,3.0,53.0,54.0,20.0,17.0,12.0,13.0,2.0,2.0,0.0,0.0,True
2281639,2016-2017,31,31,Holstein Kiel,8150,Wehen Wiesbaden,8196,True,2017-04-05T17:00:00Z,3,0,47.0,53.0,14.0,10.0,5.0,2.0,6.0,6.0,0.0,0.0,0.0,0.0,401.0,484.0,300.0,393.0,75.0,81.0,20.0,14.0,4.0,2.0,26.0,15.0,5.0,12.0,10.0,30.0,1.0,5.0,68.0,55.0,23.0,29.0,8.0,14.0,1.0,2.0,0.0,0.0,True
2281644,2016-2017,31,31,Sonnenhof Großaspach,94941,VfL Osnabrück,9775,True,2017-04-05T17:00:00Z,1,0,,,,,,,,,,,,,,,,,,,,,,,,,,,,,,,,,,,,,,,,,False
2281638,2016-2017,31,31,Preussen Münster,8171,Sportfreunde Lotte,95103,True,2017-04-05T17:05:00Z,1,0,,,,,,,,,,,,,,,,,,,,,,,,,,,,,,,,,,,,,,,,,False
2281648,2016-2017,32,32,Fortuna Köln,7786,Sportfreunde Lotte,95103,True,2017-04-08T12:00:00Z,3,0,,,,,,,,,,,,,,,,,,,,,,,,,,,,,,,,,,,,,,,,,False
2281649,2016-2017,32,32,FSV Zwickau,95202,Aalen,8233,True,2017-04-08T12:00:00Z,2,1,30.0,70.0,4.0,20.0,0.0,7.0,1.0,4.0,0.0,4.0,0.0,2.0,263.0,632.0,159.0,522.0,60.0,83.0,6.0,32.0,1.0,6.0,11.0,15.0,14.0,11.0,16.0,18.0,5.0,0.0,40.0,47.0,14.0,12.0,16.0,15.0,3.0,1.0,0.0,0.0,True
2281652,2016-2017,32,32,MSV Duisburg,8293,Sonnenhof Großaspach,94941,True,2017-04-08T12:00:00Z,2,1,49.0,51.0,15.0,6.0,5.0,1.0,5.0,4.0,0.0,0.0,0.0,0.0,422.0,450.0,323.0,344.0,77.0,76.0,24.0,11.0,6.0,0.0,18.0,19.0,10.0,11.0,11.0,22.0,1.0,5.0,52.0,48.0,16.0,15.0,7.0,14.0,3.0,4.0,0.0,0.0,True
2281650,2016-2017,32,32,Paderborn,8460,FSV Frankfurt,88885,True,2017-04-08T12:00:00Z,3,0,54.0,46.0,14.0,20.0,6.0,7.0,5.0,5.0,6.0,1.0,5.0,1.0,471.0,401.0,374.0,292.0,79.0,73.0,25.0,22.0,5.0,5.0,18.0,24.0,7.0,10.0,32.0,34.0,5.0,4.0,67.0,65.0,24.0,20.0,15.0,18.0,1.0,3.0,0.0,0.0,True
2281647,2016-2017,32,32,Wehen Wiesbaden,8196,RW Erfurt,8148,True,2017-04-08T12:00:00Z,0,0,,,,,,,,,,,,,,,,,,,,,,,,,,,,,,,,,,,,,,,,,False
2281646,2016-2017,32,32,Werder Bremen II,8162,Chemnitzer FC,6596,True,2017-04-08T12:00:00Z,0,0,,,,,,,,,,,,,,,,,,,,,,,,,,,,,,,,,,,,,,,,,False
2281651,2016-2017,32,32,VfL Osnabrück,9775,Hallescher FC,7761,True,2017-04-08T12:05:00Z,1,2,52.0,48.0,11.0,7.0,2.0,2.0,2.0,4.0,1.0,1.0,1.0,1.0,433.0,421.0,352.0,339.0,81.0,81.0,30.0,13.0,8.0,5.0,12.0,21.0,6.0,13.0,7.0,27.0,1.0,2.0,41.0,47.0,8.0,9.0,15.0,16.0,3.0,4.0,0.0,0.0,True
2281645,2016-2017,32,32,Holstein Kiel,8150,Preussen Münster,8171,True,2017-04-09T12:00:00Z,0,0,41.0,59.0,12.0,17.0,5.0,4.0,5.0,7.0,2.0,3.0,1.0,2.0,337.0,477.0,255.0,381.0,76.0,80.0,21.0,28.0,4.0,7.0,12.0,11.0,5.0,9.0,25.0,26.0,2.0,3.0,46.0,54.0,9.0,19.0,18.0,18.0,5.0,4.0,0.0,0.0,True
2281654,2016-2017,32,32,Magdeburg,8188,Jahn Regensburg,7789,True,2017-04-09T12:00:00Z,1,2,70.0,30.0,12.0,15.0,6.0,5.0,3.0,4.0,4.0,2.0,1.0,2.0,511.0,202.0,426.0,134.0,83.0,66.0,30.0,13.0,5.0,6.0,13.0,22.0,11.0,4.0,19.0,31.0,4.0,3.0,53.0,47.0,18.0,10.0,11.0,13.0,1.0,3.0,0.0,0.0,True
2281653,2016-2017,32,32,Mainz 05 II,8397,Hansa Rostock,8294,True,2017-04-09T12:00:00Z,2,4,40.0,60.0,20.0,12.0,9.0,4.0,5.0,3.0,1.0,3.0,1.0,1.0,322.0,505.0,257.0,441.0,80.0,87.0,29.0,18.0,8.0,5.0,13.0,7.0,8.0,3.0,19.0,23.0,2.0,5.0,41.0,42.0,16.0,7.0,19.0,10.0,2.0,1.0,0.0,0.0,True
2281655,2016-2017,33,33,Aalen,8233,Paderborn,8460,True,2017-04-15T12:00:00Z,4,0,30.0,70.0,4.0,20.0,0.0,7.0,1.0,4.0,0.0,4.0,0.0,2.0,263.0,632.0,159.0,522.0,60.0,83.0,6.0,32.0,1.0,6.0,11.0,15.0,14.0,11.0,16.0,18.0,5.0,0.0,40.0,47.0,14.0,12.0,16.0,15.0,3.0,1.0,0.0,0.0,True
2281659,2016-2017,33,33,Chemnitzer FC,6596,Wehen Wiesbaden,8196,True,2017-04-15T12:00:00Z,4,2,,,,,,,,,,,,,,,,,,,,,,,,,,,,,,,,,,,,,,,,,False
2281661,2016-2017,33,33,Hansa Rostock,8294,Magdeburg,8188,True,2017-04-15T12:00:00Z,1,1,54.0,46.0,9.0,10.0,2.0,4.0,5.0,5.0,0.0,2.0,0.0,0.0,427.0,384.0,307.0,292.0,72.0,76.0,20.0,19.0,6.0,1.0,22.0,25.0,3.0,10.0,9.0,35.0,2.0,2.0,60.0,75.0,16.0,23.0,17.0,11.0,4.0,3.0,0.0,0.0,True
2281660,2016-2017,33,33,Jahn Regensburg,7789,Werder Bremen II,8162,True,2017-04-15T12:00:00Z,3,1,53.0,47.0,17.0,21.0,9.0,6.0,5.0,8.0,2.0,2.0,0.0,0.0,352.0,314.0,276.0,222.0,78.0,71.0,28.0,38.0,11.0,7.0,12.0,21.0,10.0,7.0,27.0,28.0,3.0,5.0,46.0,56.0,18.0,15.0,14.0,16.0,5.0,5.0,0.0,0.0,True
2281657,2016-2017,33,33,Preussen Münster,8171,Fortuna Köln,7786,True,2017-04-15T12:00:00Z,4,2,,,,,,,,,,,,,,,,,,,,,,,,,,,,,,,,,,,,,,,,,False
2281658,2016-2017,33,33,RW Erfurt,8148,Holstein Kiel,8150,True,2017-04-15T12:00:00Z,1,1,,,,,,,,,,,,,,,,,,,,,,,,,,,,,,,,,,,,,,,,,False
2281662,2016-2017,33,33,Sonnenhof Großaspach,94941,Mainz 05 II,8397,True,2017-04-15T12:00:00Z,2,1,,,,,,,,,,,,,,,,,,,,,,,,,,,,,,,,,,,,,,,,,False
2281656,2016-2017,33,33,Sportfreunde Lotte,95103,FSV Zwickau,95202,True,2017-04-15T12:00:00Z,2,1,,,,,,,,,,,,,,,,,,,,,,,,,,,,,,,,,,,,,,,,,False
2281663,2016-2017,33,33,Hallescher FC,7761,MSV Duisburg,8293,True,2017-04-15T12:05:00Z,1,1,41.0,59.0,16.0,14.0,5.0,4.0,6.0,5.0,2.0,3.0,1.0,1.0,349.0,514.0,257.0,438.0,74.0,85.0,24.0,17.0,4.0,3.0,14.0,11.0,13.0,6.0,23.0,23.0,1.0,3.0,49.0,41.0,13.0,13.0,12.0,16.0,1.0,2.0,1.0,0.0,True
2281664,2016-2017,33,33,FSV Frankfurt,88885,VfL Osnabrück,9775,True,2017-04-16T12:00:00Z,1,1,,,,,,,,,,,,,,,,,,,,,,,,,,,,,,,,,,,,,,,,,False
2281620,2016-2017,29,29,Wehen Wiesbaden,8196,Werder Bremen II,8162,True,2017-04-19T17:00:00Z,2,0,,,,,,,,,,,,,,,,,,,,,,,,,,,,,,,,,,,,,,,,,False
2281666,2016-2017,34,34,Holstein Kiel,8150,Chemnitzer FC,6596,True,2017-04-22T12:00:00Z,2,0,,,,,,,,,,,,,,,,,,,,,,,,,,,,,,,,,,,,,,,,,False
2281672,2016-2017,34,34,Magdeburg,8188,Sonnenhof Großaspach,94941,True,2017-04-22T12:00:00Z,2,1,,,,,,,,,,,,,,,,,,,,,,,,,,,,,,,,,,,,,,,,,False
2281671,2016-2017,34,34,Mainz 05 II,8397,Hallescher FC,7761,True,2017-04-22T12:00:00Z,3,2,,,,,,,,,,,,,,,,,,,,,,,,,,,,,,,,,,,,,,,,,False
2281670,2016-2017,34,34,MSV Duisburg,8293,FSV Frankfurt,88885,True,2017-04-22T12:00:00Z,3,2,49.0,51.0,15.0,6.0,5.0,1.0,5.0,4.0,0.0,0.0,0.0,0.0,422.0,450.0,323.0,344.0,77.0,76.0,24.0,11.0,6.0,0.0,18.0,19.0,10.0,11.0,11.0,22.0,1.0,5.0,52.0,48.0,16.0,15.0,7.0,14.0,3.0,4.0,0.0,0.0,True
2281669,2016-2017,34,34,VfL Osnabrück,9775,Aalen,8233,True,2017-04-22T12:00:00Z,1,0,30.0,70.0,4.0,20.0,0.0,7.0,1.0,4.0,0.0,4.0,0.0,2.0,263.0,632.0,159.0,522.0,60.0,83.0,6.0,32.0,1.0,6.0,11.0,15.0,14.0,11.0,16.0,18.0,5.0,0.0,40.0,47.0,14.0,12.0,16.0,15.0,3.0,1.0,0.0,0.0,True
2281668,2016-2017,34,34,Paderborn,8460,Sportfreunde Lotte,95103,True,2017-04-22T12:00:00Z,3,1,54.0,46.0,14.0,20.0,6.0,7.0,5.0,5.0,6.0,1.0,5.0,1.0,471.0,401.0,374.0,292.0,79.0,73.0,25.0,22.0,5.0,5.0,18.0,24.0,7.0,10.0,32.0,34.0,5.0,4.0,67.0,65.0,24.0,20.0,15.0,18.0,1.0,3.0,0.0,0.0,True
2281674,2016-2017,34,34,Wehen Wiesbaden,8196,Jahn Regensburg,7789,True,2017-04-22T12:00:00Z,1,1,51.0,49.0,18.0,19.0,6.0,4.0,4.0,6.0,4.0,4.0,3.0,4.0,397.0,375.0,316.0,293.0,80.0,78.0,38.0,28.0,5.0,7.0,13.0,23.0,6.0,6.0,41.0,20.0,4.0,4.0,56.0,56.0,18.0,16.0,13.0,20.0,0.0,2.0,0.0,0.0,True
2281673,2016-2017,34,34,Werder Bremen II,8162,Hansa Rostock,8294,True,2017-04-22T12:00:00Z,0,2,,,,,,,,,,,,,,,,,,,,,,,,,,,,,,,,,,,,,,,,,False
2281665,2016-2017,34,34,RW Erfurt,8148,Preussen Münster,8171,True,2017-04-23T12:00:00Z,0,0,,,,,,,,,,,,,,,,,,,,,,,,,,,,,,,,,,,,,,,,,False
2281667,2016-2017,34,34,FSV Zwickau,95202,Fortuna Köln,7786,True,2017-04-23T12:05:00Z,2,1,,,,,,,,,,,,,,,,,,,,,,,,,,,,,,,,,,,,,,,,,False
2281675,2016-2017,35,35,Fortuna Köln,7786,Paderborn,8460,True,2017-04-28T17:00:00Z,0,1,,,,,,,,,,,,,,,,,,,,,,,,,,,,,,,,,,,,,,,,,False
2281683,2016-2017,35,35,Aalen,8233,MSV Duisburg,8293,True,2017-04-29T12:00:00Z,2,1,30.0,70.0,4.0,20.0,0.0,7.0,1.0,4.0,0.0,4.0,0.0,2.0,263.0,632.0,159.0,522.0,60.0,83.0,6.0,32.0,1.0,6.0,11.0,15.0,14.0,11.0,16.0,18.0,5.0,0.0,40.0,47.0,14.0,12.0,16.0,15.0,3.0,1.0,0.0,0.0,True
2281677,2016-2017,35,35,Chemnitzer FC,6596,RW Erfurt,8148,True,2017-04-29T12:00:00Z,1,1,,,,,,,,,,,,,,,,,,,,,,,,,,,,,,,,,,,,,,,,,False
2281682,2016-2017,35,35,FSV Frankfurt,88885,Mainz 05 II,8397,True,2017-04-29T12:00:00Z,1,2,,,,,,,,,,,,,,,,,,,,,,,,,,,,,,,,,,,,,,,,,False
2281679,2016-2017,35,35,Hansa Rostock,8294,Wehen Wiesbaden,8196,True,2017-04-29T12:00:00Z,1,3,55.0,45.0,22.0,7.0,9.0,3.0,4.0,3.0,2.0,1.0,1.0,1.0,467.0,394.0,382.0,305.0,82.0,77.0,40.0,16.0,9.0,4.0,18.0,15.0,14.0,7.0,21.0,31.0,3.0,6.0,50.0,49.0,16.0,10.0,17.0,11.0,2.0,4.0,0.0,0.0,True
2281680,2016-2017,35,35,Sonnenhof Großaspach,94941,Werder Bremen II,8162,True,2017-04-29T12:00:00Z,0,0,,,,,,,,,,,,,,,,,,,,,,,,,,,,,,,,,,,,,,,,,False
2281684,2016-2017,35,35,Sportfreunde Lotte,95103,VfL Osnabrück,9775,True,2017-04-29T12:00:00Z,0,0,,,,,,,,,,,,,,,,,,,,,,,,,,,,,,,,,,,,,,,,,False
2281681,2016-2017,35,35,Hallescher FC,7761,Magdeburg,8188,True,2017-04-29T12:05:00Z,1,1,70.0,30.0,19.0,13.0,7.0,4.0,6.0,4.0,4.0,0.0,3.0,0.0,599.0,256.0,515.0,171.0,86.0,67.0,44.0,10.0,7.0,6.0,14.0,20.0,9.0,13.0,8.0,16.0,3.0,5.0,56.0,58.0,13.0,23.0,8.0,14.0,3.0,5.0,0.0,0.0,True
2281678,2016-2017,35,35,Jahn Regensburg,7789,Holstein Kiel,8150,True,2017-04-29T12:05:00Z,0,3,77.0,23.0,19.0,10.0,3.0,4.0,8.0,6.0,4.0,1.0,3.0,1.0,692.0,205.0,592.0,142.0,86.0,69.0,35.0,13.0,9.0,0.0,19.0,12.0,6.0,9.0,12.0,41.0,2.0,2.0,61.0,36.0,20.0,10.0,8.0,10.0,2.0,4.0,0.0,0.0,True
2281676,2016-2017,35,35,Preussen Münster,8171,FSV Zwickau,95202,True,2017-04-30T12:05:00Z,5,1,,,,,,,,,,,,,,,,,,,,,,,,,,,,,,,,,,,,,,,,,False
2281694,2016-2017,36,36,RW Erfurt,8148,Jahn Regensburg,7789,True,2017-05-05T17:00:00Z,1,4,53.0,47.0,17.0,21.0,9.0,6.0,5.0,8.0,2.0,2.0,0.0,0.0,352.0,314.0,276.0,222.0,78.0,71.0,28.0,38.0,11.0,7.0,12.0,21.0,10.0,7.0,27.0,28.0,3.0,5.0,46.0,56.0,18.0,15.0,14.0,16.0,5.0,5.0,0.0,0.0,True
2281691,2016-2017,36,36,Werder Bremen II,8162,Hallescher FC,7761,True,2017-05-05T17:00:00Z,1,1,,,,,,,,,,,,,,,,,,,,,,,,,,,,,,,,,,,,,,,,,False
2281689,2016-2017,36,36,Mainz 05 II,8397,Aalen,8233,True,2017-05-06T12:00:00Z,2,0,,,,,,,,,,,,,,,,,,,,,,,,,,,,,,,,,,,,,,,,,False
2281687,2016-2017,36,36,VfL Osnabrück,9775,Fortuna Köln,7786,True,2017-05-06T12:00:00Z,1,2,,,,,,,,,,,,,,,,,,,,,,,,,,,,,,,,,,,,,,,,,False
2281686,2016-2017,36,36,Paderborn,8460,FSV Zwickau,95202,True,2017-05-06T12:00:00Z,1,1,54.0,46.0,14.0,20.0,6.0,7.0,5.0,5.0,6.0,1.0,5.0,1.0,471.0,401.0,374.0,292.0,79.0,73.0,25.0,22.0,5.0,5.0,18.0,24.0,7.0,10.0,32.0,34.0,5.0,4.0,67.0,65.0,24.0,20.0,15.0,18.0,1.0,3.0,0.0,0.0,True
2281692,2016-2017,36,36,Wehen Wiesbaden,8196,Sonnenhof Großaspach,94941,True,2017-05-06T12:00:00Z,0,0,50.0,50.0,16.0,9.0,1.0,6.0,8.0,3.0,0.0,3.0,0.0,1.0,368.0,373.0,252.0,257.0,68.0,69.0,20.0,10.0,8.0,2.0,10.0,22.0,7.0,9.0,25.0,29.0,4.0,1.0,47.0,62.0,19.0,18.0,21.0,12.0,1.0,2.0,0.0,0.0,True
2281693,2016-2017,36,36,Holstein Kiel,8150,Hansa Rostock,8294,True,2017-05-06T12:05:00Z,2,1,49.0,51.0,12.0,13.0,4.0,2.0,4.0,8.0,3.0,0.0,1.0,0.0,382.0,390.0,299.0,298.0,78.0,76.0,15.0,23.0,7.0,4.0,8.0,9.0,11.0,6.0,20.0,16.0,2.0,2.0,53.0,45.0,22.0,20.0,16.0,17.0,6.0,4.0,0.0,0.0,True
2281690,2016-2017,36,36,Magdeburg,8188,FSV Frankfurt,88885,True,2017-05-06T12:05:00Z,1,1,36.0,64.0,24.0,16.0,9.0,6.0,8.0,7.0,5.0,3.0,4.0,3.0,277.0,503.0,200.0,435.0,72.0,86.0,34.0,30.0,8.0,7.0,13.0,19.0,8.0,9.0,22.0,32.0,6.0,5.0,36.0,47.0,16.0,12.0,10.0,5.0,2.0,4.0,0.0,0.0,True
2281688,2016-2017,36,36,MSV Duisburg,8293,Sportfreunde Lotte,95103,True,2017-05-06T12:05:00Z,1,1,,,,,,,,,,,,,,,,,,,,,,,,,,,,,,,,,,,,,,,,,False
2281685,2016-2017,36,36,Chemnitzer FC,6596,Preussen Münster,8171,True,2017-05-07T12:05:00Z,0,3,,,,,,,,,,,,,,,,,,,,,,,,,,,,,,,,,,,,,,,,,False
2281701,2016-2017,37,37,Aalen,8233,Magdeburg,8188,True,2017-05-13T11:30:00Z,2,2,36.0,64.0,24.0,16.0,9.0,6.0,8.0,7.0,5.0,3.0,4.0,3.0,277.0,503.0,200.0,435.0,72.0,86.0,34.0,30.0,8.0,7.0,13.0,19.0,8.0,9.0,22.0,32.0,6.0,5.0,36.0,47.0,16.0,12.0,10.0,5.0,2.0,4.0,0.0,0.0,True
2281703,2016-2017,37,37,Fortuna Köln,7786,MSV Duisburg,8293,True,2017-05-13T11:30:00Z,0,3,,,,,,,,,,,,,,,,,,,,,,,,,,,,,,,,,,,,,,,,,False
2281700,2016-2017,37,37,FSV Frankfurt,88885,Werder Bremen II,8162,True,2017-05-13T11:30:00Z,0,4,,,,,,,,,,,,,,,,,,,,,,,,,,,,,,,,,,,,,,,,,False
2281704,2016-2017,37,37,FSV Zwickau,95202,VfL Osnabrück,9775,True,2017-05-13T11:30:00Z,1,0,60.0,40.0,27.0,15.0,11.0,6.0,6.0,9.0,8.0,3.0,4.0,2.0,429.0,279.0,343.0,199.0,80.0,71.0,,,13.0,4.0,10.0,18.0,10.0,8.0,13.0,30.0,3.0,6.0,57.0,62.0,22.0,20.0,12.0,15.0,4.0,3.0,0.0,0.0,True
2281699,2016-2017,37,37,Hallescher FC,7761,Wehen Wiesbaden,8196,True,2017-05-13T11:30:00Z,0,3,47.0,53.0,17.0,11.0,5.0,2.0,9.0,6.0,2.0,0.0,1.0,0.0,387.0,439.0,284.0,349.0,73.0,79.0,,,7.0,7.0,15.0,11.0,3.0,5.0,19.0,13.0,2.0,4.0,57.0,44.0,29.0,8.0,17.0,10.0,2.0,3.0,0.0,0.0,True
2281697,2016-2017,37,37,Hansa Rostock,8294,RW Erfurt,8148,True,2017-05-13T11:30:00Z,1,2,,,,,,,,,,,,,,,,,,,,,,,,,,,,,,,,,,,,,,,,,False
2281696,2016-2017,37,37,Jahn Regensburg,7789,Chemnitzer FC,6596,True,2017-05-13T11:30:00Z,3,2,,,,,,,,,,,,,,,,,,,,,,,,,,,,,,,,,,,,,,,,,False
2281698,2016-2017,37,37,Sonnenhof Großaspach,94941,Holstein Kiel,8150,True,2017-05-13T11:30:00Z,0,1,41.0,59.0,12.0,17.0,5.0,4.0,5.0,7.0,2.0,3.0,1.0,2.0,337.0,477.0,255.0,381.0,76.0,80.0,21.0,28.0,4.0,7.0,12.0,11.0,5.0,9.0,25.0,26.0,2.0,3.0,46.0,54.0,9.0,19.0,18.0,18.0,5.0,4.0,0.0,0.0,True
2281702,2016-2017,37,37,Sportfreunde Lotte,95103,Mainz 05 II,8397,True,2017-05-13T11:30:00Z,3,3,,,,,,,,,,,,,,,,,,,,,,,,,,,,,,,,,,,,,,,,,False
2281695,2016-2017,37,37,Paderborn,8460,Preussen Münster,8171,True,2017-05-13T11:35:00Z,1,0,,,,,,,,,,,,,,,,,,,,,,,,,,,,,,,,,,,,,,,,,False
2281710,2016-2017,38,38,Wehen Wiesbaden,8196,FSV Frankfurt,88885,True,2017-05-20T11:25:00Z,4,1,50.0,50.0,16.0,9.0,1.0,6.0,8.0,3.0,0.0,3.0,0.0,1.0,368.0,373.0,252.0,257.0,68.0,69.0,20.0,10.0,8.0,2.0,10.0,22.0,7.0,9.0,25.0,29.0,4.0,1.0,47.0,62.0,19.0,18.0,21.0,12.0,1.0,2.0,0.0,0.0,True
2281713,2016-2017,38,38,Chemnitzer FC,6596,Hansa Rostock,8294,True,2017-05-20T11:30:00Z,2,0,60.0,40.0,4.0,2.0,4.0,2.0,,,,,,,,,,,,,,,0.0,0.0,,,,,,,,,,,,,0.0,0.0,,,,,True
2281711,2016-2017,38,38,Holstein Kiel,8150,Hallescher FC,7761,True,2017-05-20T11:30:00Z,3,0,,,,,,,,,,,,,,,,,,,,,,,,,,,,,,,,,,,,,,,,,False
2281708,2016-2017,38,38,Magdeburg,8188,Sportfreunde Lotte,95103,True,2017-05-20T11:30:00Z,2,0,36.0,64.0,24.0,16.0,9.0,6.0,8.0,7.0,5.0,3.0,4.0,3.0,277.0,503.0,200.0,435.0,72.0,86.0,34.0,30.0,8.0,7.0,13.0,19.0,8.0,9.0,22.0,32.0,6.0,5.0,36.0,47.0,16.0,12.0,10.0,5.0,2.0,4.0,0.0,0.0,True
2281707,2016-2017,38,38,Mainz 05 II,8397,Fortuna Köln,7786,True,2017-05-20T11:30:00Z,4,0,,,,,,,,,,,,,,,,,,,,,,,,,,,,,,,,,,,,,,,,,False
2281706,2016-2017,38,38,MSV Duisburg,8293,FSV Zwickau,95202,True,2017-05-20T11:30:00Z,5,1,63.0,37.0,12.0,11.0,7.0,3.0,3.0,6.0,4.0,1.0,1.0,1.0,599.0,345.0,506.0,249.0,84.0,72.0,18.0,12.0,2.0,7.0,23.0,25.0,16.0,10.0,24.0,16.0,3.0,3.0,61.0,65.0,20.0,13.0,16.0,8.0,1.0,2.0,0.0,0.0,True
2281705,2016-2017,38,38,VfL Osnabrück,9775,Paderborn,8460,True,2017-05-20T11:30:00Z,0,0,66.0,34.0,15.0,9.0,2.0,1.0,9.0,6.0,2.0,2.0,2.0,2.0,465.0,235.0,400.0,158.0,86.0,67.0,35.0,17.0,11.0,6.0,17.0,23.0,6.0,8.0,20.0,24.0,1.0,2.0,55.0,53.0,12.0,16.0,9.0,15.0,3.0,2.0,0.0,1.0,True
2281714,2016-2017,38,38,Preussen Münster,8171,Jahn Regensburg,7789,True,2017-05-20T11:30:00Z,0,1,50.0,50.0,15.0,8.0,4.0,2.0,9.0,3.0,1.0,0.0,0.0,0.0,280.0,280.0,184.0,173.0,66.0,62.0,28.0,19.0,4.0,3.0,26.0,17.0,7.0,13.0,26.0,32.0,2.0,2.0,73.0,68.0,33.0,27.0,20.0,11.0,6.0,3.0,0.0,0.0,True
2281712,2016-2017,38,38,RW Erfurt,8148,Sonnenhof Großaspach,94941,True,2017-05-20T11:30:00Z,4,1,,,,,,,,,,,,,,,,,,,,,,,,,,,,,,,,,,,,,,,,,False
2281709,2016-2017,38,38,Werder Bremen II,8162,Aalen,8233,True,2017-05-20T11:30:00Z,1,0,,,,,,,,,,,,,,,,,,,,,,,,,,,,,,,,,,,,,,,,,False
